,icao24,firstSeen,estDepartureAirport,lastSeen,estArrivalAirport,callsign,estDepartureAirportHorizDistance,estDepartureAirportVertDistance,estArrivalAirportHorizDistance,estArrivalAirportVertDistance,departureAirportCandidatesCount,arrivalAirportCandidatesCount
0,008081,1714208940,FAOR,1714209738,FAPN,LNK124R ,4481,58,6112,8149,65,0
1,008126,1714205570,FAOR,1714206761,FAVU,GBB203J ,4492,104,20572,8356,65,1
2,00834d,1714209322,FACT,1714210383,FALW,LNK326B ,2469,159,28381,9857,22,0
3,008487,1714208269,FAOR,1714209219,FAMJ,LNK883  ,3969,157,18586,8671,65,0
4,0086f6,1714210107,FAOR,1714210622,FAFW,LNK460T ,4584,134,27553,5290,65,0
5,00874f,1714207947,FACT,1714209709,FASX,ZSCTI   ,2483,60,15232,8105,22,0
6,008dea,1714201943,FACT,1714207852,FAEO,SFR670  ,2183,91,18408,5943,22,0
7,008df8,1714210307,FAOR,1714211448,FAVU,SFR272  ,3974,66,8090,8958,65,1
8,0092e6,1714207002,FAOR,1714207632,FAWA,LNK150C ,4275,104,28090,6353,65,0
9,009893,1714209198,FAOR,1714209936,FAKG,SAA190  ,4385,127,14517,6053,65,1
10,009d4a,1714208185,FAOR,1714209150,FAHB,SAA062  ,3099,58,11346,9413,65,0
11,00a693,1714205079,FAOR,1714205654,,LNK070C ,4245,50,0,0,65,0
12,00aa4b,1714198446,FACT,1714207919,FAEO,ZSPZU   ,2322,30,8141,7711,22,0
13,00ae2b,1714207856,FAOR,1714208522,FAWA,LNK021A ,4785,89,29501,6307,65,0
14,00ae2c,1714210397,FAOR,1714211143,FAWA,LNK104F ,4947,111,2489,7031,65,0
15,00ae82,1714206426,FAOR,1714207359,FAAP,LNK252E ,5340,104,15432,7301,65,1
16,00ae88,1714210232,FAOR,1714210682,FAHK,LNK482D ,4318,58,16035,5103,65,2
17,00aedf,1714210487,FAOR,1714211250,FAMB,LNK260G ,4553,142,21134,7380,65,0
18,00af2e,1714203649,FAOR,1714204684,FAVU,SAA539  ,4056,127,9967,7738,65,0
19,00b032,1714207948,FAOR,1714208575,,LNK871S ,4129,43,0,0,65,0
20,00b035,1714205167,FAOR,1714206272,FAVU,LNK553C ,4744,89,6300,8958,65,0
21,00b096,1714206746,FACT,1714211025,FAUG,SFR463  ,515,0,7472,9881,22,1
22,00b22c,1714206058,FAOR,1714206706,FAWA,SAA022  ,4228,104,13014,6048,65,0
23,00bf8a,1714208433,FACT,1714209399,,LNK382L ,2480,68,0,0,22,0
24,00bfc0,1714208354,FAOR,1714209184,FAHB,LNK110L ,4367,43,23429,7737,65,0
25,00c45d,1714204034,FALA,1714205126,FAVU,SFR474  ,3419,1526,16083,8348,64,0
26,0100dc,1714208409,,1714209545,HE38,MSR655  ,0,0,11078,10944,0,0
27,01010c,1714207731,,1714208111,,MSR1850 ,0,0,0,0,0,0
28,01015d,1714203955,,1714205612,OLBA,MSR935  ,0,0,367,12470,0,0
29,0101b2,1714203664,,1714204473,HE13,NIA228  ,0,0,22196,5717,0,0
30,0101ec,1714184710,,1714205731,,FEG382  ,0,0,0,0,0,0
31,0101ee,1714208467,,1714209896,OLBA,NMA140  ,0,0,366,10031,0,0
32,010205,1714202388,,1714204834,OLBA,MSR709  ,0,0,366,4194,0,0
33,010236,1714200554,LFQQ,1714211883,,NMA6881 ,4392,485,0,0,88,0
34,010243,1714198876,HECA,1714208025,,MSR843  ,21246,424,0,0,27,0
35,018084,1714199718,,1714207577,OLBA,AAW1602 ,0,0,370,6991,0,0
36,018086,1714200966,,1714208004,LTAH,LWA102  ,0,0,4624,10573,0,0
37,0180a8,1714202605,,1714204904,,BNL101  ,0,0,0,0,0,0
38,020073,1714197330,LFPO,1714207181,,RAM641B ,865,94,0,0,88,0
39,0200f5,1714206322,GMTT,1714208303,GMMY,RAM471G ,2105,430,24802,5176,17,1
40,020122,1714181867,KIAD,1714204316,,RAM219W ,1187,148,0,0,465,0
41,02013c,1714185046,CYUL,1714205915,,RAM209M ,5090,337,0,0,127,0
42,020175,1714202725,,1714210633,,MAC491B ,0,0,0,0,0,0
43,02a196,1714207450,LFLL,1714211356,,TAR463  ,4947,778,0,0,103,0
44,02a1a2,1714206359,EDDS,1714211421,,LBT2613 ,1067,37,0,0,160,0
45,02a1a4,1714205106,EDDL,1714211592,,LBT2825 ,827,61,0,0,123,0
46,02a1a7,1714202027,LTFM,1714209392,LICG,LBT641  ,6788,541,15141,9653,14,0
47,02a1aa,1714204556,LFRS,1714210484,,LBT759  ,3034,810,0,0,50,0
48,02a260,1714207704,LFMN,1714210280,,TAR997  ,4111,925,0,0,32,0
49,02a263,1714207092,LFML,1714209920,,TAR931  ,1662,602,0,0,54,0
50,04018f,1714203234,VTBS,1714210772,,ETH628  ,4863,501,0,0,14,0
51,04c117,1714204740,VTBS,1714210142,ZGNN,KQA886  ,4715,509,23781,9952,14,0
52,064253,1714208053,,1714208945,DNIB,APK7751 ,0,0,126796,2476,0,1
53,06a087,1714208677,,1714209783,HE28,QTR17N  ,0,0,26989,6260,0,1
54,06a0b5,1714195559,,1714207530,LGTP,QTR16Q  ,0,0,173157,2342,0,0
55,06a0fe,1714149871,,1714211813,OMAM,QTR958  ,0,0,13414,12168,0,2
56,06a1b9,1714205479,,1714205658,,QTR46F  ,0,0,0,0,0,0
57,06a1cb,1714204220,OOBR,1714205064,,QQE957  ,1374813,8848,0,0,0,0
58,06a1df,1714206930,ORUQ,1714207969,,QTR3M   ,7704,5692,0,0,0,0
59,06a1e0,1714210251,,1714211424,,QTR47T  ,0,0,0,0,0,0
60,06a2b5,1714184711,WMKK,1714208273,,QTR5G   ,21506,878,0,0,23,0
61,06a2de,1714183552,VVNB,1714208125,OMDM,QTR8951 ,81736,1306,25020,9703,6,2
62,06a2df,1714191959,LIMC,1714208785,,QTR8445 ,1053,20,0,0,69,0
63,06a2e2,1714191160,VOMM,1714204428,OMAM,QTR66P  ,1880,212,12044,10339,5,2
64,06a2e4,1714202609,LEBL,1714210942,,QTR138  ,2165,217,0,0,21,0
65,06a2f1,1714194589,VNKT,1714208892,,QTR649  ,2408,155,0,0,24,0
66,06a374,1714208041,,1714208489,,QTR88R  ,0,0,0,0,0,0
67,06a376,1714191674,,1714205992,OMAF,QTR843  ,0,0,20457,10363,0,0
68,0a0028,1714208262,,1714208971,DAAB,DAH4001 ,0,0,98620,2481,0,3
69,0a0049,1714203942,DAAX,1714205569,DA14,DAH6100 ,35304,2744,15294,2596,2,4
70,0a004a,1714201212,LFML,1714205437,DAOB,DAH1137 ,1468,594,139567,1975,53,1
71,0a0051,1714210617,,1714211182,DAOV,DTH1406 ,0,0,28786,6511,0,0
72,0a0083,1714203469,,1714204234,DAAS,DAH6171 ,0,0,128533,1917,0,2
73,0a008c,1714202082,LFPG,1714208650,DAAQ,DAH1231 ,1683,269,194607,2474,91,0
74,0a0090,1714198042,LFPO,1714204476,DAAQ,DAH1009 ,973,86,188060,2306,88,0
75,0a009a,1714205495,DAAG,1714206727,DAAV,DTH1326 ,7512,1194,20609,7631,7,0
76,0a009c,1714202774,DAAG,1714204495,,DTH2320 ,7703,957,0,0,7,0
77,0c205c,1714205119,MMMX,1714210929,MHNA,CMP149  ,566,65,17797,10047,14,1
78,0c2074,1714202770,,1714204741,SATC,CMP291  ,0,0,14714,2497,0,9
79,0c210c,1714195667,,1714211787,SUCN,CMP368  ,0,0,9148,3071,0,0
80,0c6039,1714209009,TBPB,1714211597,,BWA445  ,487,39,0,0,8,0
81,0c605f,1714208757,,1714209963,,BWA463  ,0,0,0,0,0,0
82,0c6060,1714207911,,1714208986,,BWA884  ,0,0,0,0,0,0
83,0c6062,1714187730,CYYZ,1714204478,,BWA601  ,2262,89,0,0,223,0
84,0d0867,1714209947,MMTJ,1714211411,,VOI3200 ,650,110,0,0,93,0
85,0d0a04,1714199822,KPDX,1714206782,MMSF,VOI1871 ,193,24,15177,9403,265,0
86,0d0b10,1714206878,KLAX,1714208998,,VOI1717 ,1914,7,0,0,134,0
87,0d0b58,1714204449,KLAX,1714206633,,VIV517  ,1754,7,0,0,134,0
88,0d0ce0,1714201845,KOAK,1714206077,MMSF,VOI1773 ,1701,17,20241,10638,174,0
89,0d0f49,1714205578,MMTJ,1714207075,,VIV3113 ,789,56,0,0,93,0
90,0d0f85,1714200326,KSEA,1714207829,MMSF,VOI1851 ,1082,2,18348,9403,208,0
91,0d0ffe,1714204775,MMTJ,1714206196,,VIV5018 ,1131,102,0,0,93,0
92,140ab5,1714196985,,1714207563,,KAR519  ,0,0,0,0,0,0
93,14fc0e,1714204196,,1714211653,,RSD981  ,0,0,0,0,0,0
94,151d48,1714108215,,1714211439,,AZV4224 ,0,0,0,0,0,0
95,151d70,1714191951,,1714206336,UATG,AZV928  ,0,0,13491,11909,0,0
96,151d71,1714210082,LTBM,1714211540,,AZV1068 ,119056,1988,0,0,2,0
97,151d7f,1714207729,,1714209779,,TA745   ,0,0,0,0,0,0
98,151db8,1714179826,UHWW,1714208809,UUDL,AFL1755 ,883,54,16249,10885,1,0
99,151dc8,1714209383,,1714211898,,AFL1139 ,0,0,0,0,0,0
100,151dcb,1714206416,,1714210213,UDSG,AFL1866 ,0,0,22630,2537,0,2
101,151de0,1714205967,,1714208201,,IZA925  ,0,0,0,0,0,0
102,151df4,1714139461,URMM,1714205689,,SDM6442 ,1297,204,0,0,5,0
103,151e0b,1714178514,USPP,1714205262,URMG,PBD570  ,631,62,25613,10706,2,0
104,151e0c,1714203790,URWA,1714206762,URMN,PBD6945 ,64180,11602,19973,7052,0,0
105,151e0e,1714208450,,1714210087,,PBD190  ,0,0,0,0,0,0
106,151e0f,1714205577,,1714210248,UGMS,PBD332  ,0,0,60839,1393,0,3
107,151e1a,1714205053,,1714209280,UDSG,PBD855  ,0,0,12337,1943,0,4
108,151e21,1714202881,,1714204459,,PBD114  ,0,0,0,0,0,0
109,151e36,1714203314,,1714205404,URMG,NWS2011 ,0,0,23278,11415,0,0
110,151e50,1714206749,,1714210642,,PBD113  ,0,0,0,0,0,0
111,151e51,1714199861,,1714208503,,PBD839  ,0,0,0,0,0,0
112,151e53,1714180956,,1714209409,,PBD592  ,0,0,0,0,0,0
113,151e54,1714208077,URMT,1714210854,,PBD6912 ,287315,1993,0,0,1,0
114,151e6c,1714208734,,1714210862,UUDL,NWS250  ,0,0,15468,10275,0,0
115,151e8f,1714208382,UHWW,1714209718,,SBI6201 ,168,24,0,0,1,0
116,151eba,1714190841,UIII,1714204992,,SBI6363 ,1068,30,0,0,2,0
117,151ebe,1714187302,UIII,1714205919,,SBI3022 ,1127,22,0,0,2,0
118,151ec0,1714185049,UIII,1714204924,,SBI6343 ,1753,83,0,0,2,0
119,151ec6,1714184703,,1714205278,,SBI2508 ,0,0,0,0,0,0
120,151ec7,1714191081,,1714208112,,SBI5045 ,0,0,0,0,0,0
121,151ec8,1714188802,,1714207114,URMG,SBI2049 ,0,0,23597,10805,0,0
122,151eca,1714179079,UNWW,1714211956,,SBI2626 ,11339,724,0,0,1,0
123,151ecb,1714205026,,1714207399,,SBI5103 ,0,0,0,0,0,0
124,151ecf,1714205430,,1714205430,,SBI1135 ,0,0,0,0,0,0
125,151ed1,1714163398,,1714206798,,SBI3048 ,0,0,0,0,0,0
126,151ee9,1714204407,,1714211075,,SBI2563 ,0,0,0,0,0,0
127,151ef9,1714154738,,1714210314,UWGG,SBI3062 ,0,0,25565,11519,0,0
128,151f0e,1714185123,,1714211387,URMG,UTA454  ,0,0,27854,10340,0,0
129,151f11,1714209319,,1714211896,,SBI1256 ,0,0,0,0,0,0
130,151fb4,1714188803,,1714204251,EYND,AUL505  ,0,0,27013,2832,0,0
131,151fb9,1714188550,,1714211121,,AUL294  ,0,0,0,0,0,0
132,151fc1,1714174948,,1714209774,,SBI5127 ,0,0,0,0,0,0
133,151fdf,1714196484,,1714207654,,LLM686  ,0,0,0,0,0,0
134,151fe1,1714200303,,1714204204,,AFL1731 ,0,0,0,0,0,0
135,151ff6,1714164716,,1714211435,EYND,AFL1531 ,0,0,28539,2825,0,0
136,151ff8,1714192522,,1714205731,,AFL1483 ,0,0,0,0,0,0
137,152002,1714209449,,1714211043,,AFL1234 ,0,0,0,0,0,0
138,152006,1714203742,,1714207560,,AFL1460 ,0,0,0,0,0,0
139,152012,1714204690,,1714210836,UWGB,AFL2972 ,0,0,25264,8732,0,0
140,152013,1714206312,,1714211904,,AFL1420 ,0,0,0,0,0,0
141,15201a,1714177580,,1714204526,UGMS,AFL1763 ,0,0,68308,1530,0,1
142,15201f,1714202940,,1714210411,,AFL1688 ,0,0,0,0,0,0
143,152023,1714206529,URWA,1714208364,,AFL1679 ,1363,118,0,0,0,0
144,152027,1714204452,,1714206621,,AFL1498 ,0,0,0,0,0,0
145,15202b,1714205791,,1714208064,,AFL1263 ,0,0,0,0,0,0
146,15202f,1714201834,UGMS,1714204517,,AFL2822 ,145774,1172,0,0,0,0
147,152033,1714208997,,1714211253,,AFL2934 ,0,0,0,0,0,0
148,15205b,1714207576,URWA,1714211054,UGMS,SVR279  ,60755,10984,68733,1591,0,0
149,152061,1714205651,,1714207231,,SVR438  ,0,0,0,0,0,0
150,152062,1714203703,,1714207579,UGMS,SVR233  ,0,0,116539,1248,0,4
151,152067,1714197678,OMDW,1714210290,,SVR7420 ,915,71,0,0,19,0
152,15206a,1714201620,,1714206815,,SVR274  ,0,0,0,0,0,0
153,15206c,1714204321,,1714207041,,SVR054  ,0,0,0,0,0,0
154,152070,1714195663,,1714204673,,SVR3566 ,0,0,0,0,0,0
155,152a4b,1714199219,,1714207489,,SUM9122 ,0,0,0,0,0,0
156,154c31,1714202862,UUMU,1714210413,,CHD9009 ,5861,564,0,0,14,0
157,155bc4,1714202191,ULAA,1714205173,,SDM6304 ,585,11,0,0,1,0
158,155bf4,1714179704,,1714210344,,IAE1802 ,0,0,0,0,0,0
159,155bf5,1714197187,LTAI,1714206056,,IAE1828 ,1206,121,0,0,8,0
160,155c05,1714200171,,1714204723,UD21,AZO4021 ,0,0,13971,2616,0,6
161,155c06,1714209501,URMT,1714210838,URSS,AZO6119 ,107711,1962,29794,3104,2,0
162,155c1f,1714204048,,1714205402,,SSF494  ,0,0,0,0,0,0
163,155c22,1714198587,,1714205938,,RWZ1272 ,0,0,0,0,0,0
164,155c26,1714203987,,1714206055,,SDM6133 ,0,0,0,0,0,0
165,155c32,1714208231,,1714209973,,RWZ1924 ,0,0,0,0,0,0
166,155c35,1714201560,URMM,1714211116,HE37,RWZ4521 ,17430,1583,26043,8788,5,0
167,155c61,1714207791,,1714208558,,SDM6447 ,0,0,0,0,0,0
168,155c62,1714202941,,1714206200,LTAG,AZO5025 ,0,0,4397,4682,0,1
169,155c66,1714209002,,1714209855,,RWZ1505 ,0,0,0,0,0,0
170,155c67,1714196839,OMDW,1714208156,UGMS,AZO5088 ,869,41,163557,1507,19,0
171,300224,1714207291,,1714209323,,VND796  ,0,0,0,0,0,0
172,300348,1714205402,LILG,1714205582,LILG,IGREE   ,30573,476,26104,422,84,85
173,3007f1,1714202979,EDDF,1714208452,,DLA5PW  ,4221,148,0,0,150,0
174,342105,1714207401,LEMD,1714211839,,IBS3620 ,499,130,0,0,30,0
175,34250a,1714199806,LEBL,1714205874,,IBE2888 ,2135,217,0,0,21,0
176,343141,1714201583,LEMD,1714209665,,IBS38LD ,567,99,0,0,31,0
177,34324e,1714204794,LEMD,1714206408,,IBE0494 ,1989,84,0,0,29,0
178,344307,1714206996,LE84,1714208450,LEGR,ANE82TP ,166404,1553,18431,2382,1,10
179,344557,1714204024,EGKK,1714208821,,VLG6LN  ,1333,357,0,0,111,0
180,344645,1714209278,LEZL,1714211307,,VLG5JA  ,815,278,0,0,20,0
181,345084,1714205771,EGKK,1714211265,LIQL,VLG2XG  ,1783,426,15667,2662,111,6
182,3451d3,1714201596,,1714205263,LEVT,VLG2ZB  ,0,0,25195,3304,0,0
183,345204,1714205254,LFPO,1714209662,LIQL,VLG1503 ,928,86,12090,2639,88,6
184,345205,1714205846,LEMD,1714211439,LIQL,VLG8BA  ,1788,153,20946,2563,29,11
185,345212,1714202286,,1714206182,LFPO,VLG325Q ,0,0,3508,78,0,87
186,34530c,1714171078,LEMD,1714210106,,AEA121  ,1966,61,0,0,29,0
187,345583,1714200626,LEBL,1714207172,,ANE8648 ,2031,163,0,0,21,0
188,3455d7,1714205287,LEZL,1714208360,LEMR,VOE8QA  ,2178,362,27846,6053,20,0
189,345613,1714198837,LFRS,1714206395,,VOE2302 ,6578,803,0,0,47,0
190,34569a,1714204099,,1714209834,,VOE7JZ  ,0,0,0,0,0,0
191,34608b,1714200033,,1714207272,LEBB,VLG9LT  ,0,0,25027,3066,0,4
192,346186,1714203356,LFPO,1714208573,,VLG8153 ,702,94,0,0,88,0
193,346206,1714179277,NZAA,1714205750,YPPH,ANZ173  ,3684,320,582,5991,41,1
194,34620b,1714205974,LIRF,1714211616,,VLG4BP  ,674,110,0,0,19,0
195,346317,1714204832,LEPA,1714206468,LETL,LAV5531 ,2629,235,111340,2223,5,1
196,34644c,1714202233,LEMD,1714206764,,IBS3852 ,885,122,0,0,30,0
197,3465d4,1714199985,LEMD,1714207444,,IBB5WU  ,1903,76,0,0,29,0
198,346611,1714202306,,1714208137,,VOE3562 ,0,0,0,0,0,0
199,346648,1714209235,LFBO,1714211650,LEBB,VOE755  ,610,152,15726,3706,61,0
200,347206,1714169580,LEMD,1714207843,,IBE6833 ,1577,38,0,0,29,0
201,347303,1714202544,LEMD,1714210143,,SWT180  ,714,99,0,0,31,0
202,34734f,1714195321,LFPO,1714205567,,VLG8633 ,796,94,0,0,88,0
203,34740f,1714176598,LEMD,1714207661,SVQS,AEA039  ,2086,145,26140,12127,29,0
204,347481,1714207879,LEPA,1714209240,LERE,AEA78YQ ,3069,327,93525,2307,5,3
205,34750b,1714208441,LEMD,1714210390,LEBB,AEA7157 ,550,84,7734,3150,31,4
206,392035,1714202740,LFLB,1714204498,LFLB,FGIBV   ,1989,2231,1805,2444,35,85
207,392035,1714206957,LFLB,1714207626,LFLB,FGIBV   ,10222,1438,1804,2719,100,39
208,392aef,1714199286,LFPG,1714209021,LGPA,AFR56EA ,3826,238,28554,3526,92,0
209,394c13,1714203258,LFPG,1714209100,LIRM,AFR69SU ,3743,238,4406,4265,93,2
210,3950cd,1714200501,LFPG,1714205807,LDSP,AFR93RR ,3707,231,5880,9158,92,1
211,395d68,1714201700,LFBO,1714208979,EDHI,BGA113I ,572,183,322,31,61,89
212,3964e9,1714200883,LFPO,1714210595,LGPA,TVF50LL ,263,86,20907,4257,88,0
213,3964f0,1714201066,LFMT,1714209217,,TVF33LR ,6170,1122,0,0,53,0
214,39666f,1714196849,LFQQ,1714205799,DA15,FPO445  ,4778,584,115068,2394,88,1
215,39856c,1714204462,LFPG,1714209897,LEDS,AFR49YY ,4382,299,44471,2241,93,11
216,3986e6,1714205643,LFPG,1714208878,LFCM,AFR9414 ,4220,276,23781,1788,93,47
217,3991e9,1714203815,LFPG,1714209762,,AFR1284 ,4084,215,0,0,93,0
218,399993,1714207155,LFOX,1714208162,LFOX,FHGMT   ,3217,367,3429,276,82,82
219,39a2e0,1714196413,LFPG,1714206567,GMMN,AFR63EN ,4838,246,26055,10689,93,0
220,39bda6,1714203895,LFPG,1714207252,LSZH,AFR83XP ,3562,276,1084,17,92,130
221,39cea6,1714203491,LFPO,1714207620,LFBP,TVF27EY ,374,86,1054,147,88,54
222,39cea8,1714203002,LFPO,1714209725,,TVF78GU ,874,86,0,0,88,0
223,39ceb5,1714196666,LFLL,1714210333,,TVF7456 ,4682,778,0,0,103,0
224,39ceb9,1714197694,LFPO,1714205169,LAVL,TVF16YK ,753,86,28373,5721,88,0
225,39d301,1714195580,LFPO,1714211910,OLBA,TVF236H ,852,86,375,5566,88,0
226,39d313,1714204040,LFMT,1714207848,,TVF67RK ,5226,1214,0,0,54,0
227,39d315,1714196281,LFPO,1714207906,,TVF4350 ,924,86,0,0,88,0
228,39e4ac,1714196813,LFPG,1714206697,GMME,AFR41AC ,3839,223,21947,5928,92,0
229,3c49c9,1714197239,EDDK,1714208568,,EWG24M  ,660,121,0,0,136,0
230,3c4b45,1714202871,EDDL,1714208198,,EWG77BM ,747,61,0,0,123,0
231,3c4b4e,1714199504,LEPA,1714206253,EDDK,EWG6YZ  ,2134,304,1986,2597,5,66
232,3c4dd5,1714208299,LOWS,1714211065,EDDF,DLH89W  ,1435,110,2867,6929,83,5
233,3c56ea,1714196831,EDDL,1714209641,,EWG9978 ,716,61,0,0,123,0
234,3c56eb,1714195537,EDDS,1714207591,LTCD,EWG2278 ,2126,6827,26032,10124,0,0
235,3c56ec,1714206033,EDLW,1714210930,,EWG27EK ,637,53,0,0,130,0
236,3c56ee,1714194800,EDDH,1714210721,,EWG7GH  ,1180,113,0,0,83,0
237,3c5ef5,1714199421,EDDL,1714206504,,EWG3ZV  ,683,61,0,0,123,0
238,3c6449,1714207304,EDDS,1714208897,EDDF,DLH6HH  ,955,30,2960,7691,160,5
239,3c6450,1714208362,EDDM,1714211852,LROD,DLH3KE  ,1148,95,10525,7485,116,0
240,3c648e,1714201773,EDDM,1714209559,LERE,DLH66J  ,2844,34,67456,2314,115,5
241,3c64a3,1714202244,EHAM,1714204567,EDDF,DLH1A   ,991,87,2976,4171,63,5
242,3c6585,1714203551,EDDF,1714206849,LIMC,DLH4JV  ,4283,170,432,11051,150,4
243,3c6633,1714204611,EDDF,1714211663,,DLH97X  ,4417,193,0,0,150,0
244,3c666f,1714206661,EDDF,1714211716,LIAU,DLH6LN  ,4444,170,15203,3843,150,1
245,3c6670,1714202406,EHAM,1714205783,EDDM,DLH4HH  ,995,87,1540,10214,63,4
246,3c66a6,1714201597,EDDM,1714206434,,DLH9AX  ,1059,8119,0,0,0,0
247,3c66b7,1714203525,EDDM,1714210837,LGSR,OCN5VZ  ,1178,80,22645,7070,116,0
248,3c66e9,1714202505,EDDF,1714210591,LMML,DLH5CJ  ,4289,125,990,45,150,5
249,3c6752,1714204385,EDDF,1714210124,,DLH1322 ,4460,155,0,0,150,0
250,3c7428,1714193912,EDDL,1714209384,,TUI97N  ,905,61,0,0,123,0
251,3cc57c,1714199847,LFTH,1714208381,,JEI262  ,12007,1849,0,0,35,0
252,3ccd4d,1714197797,EDDN,1714206498,,IFA1100 ,361,107,0,0,152,0
253,3cf19d,1714203993,LEPA,1714208663,LIMC,VJH365  ,1319,235,1009,58,5,69
254,3d2b7a,1714205295,EDDH,1714206313,EDHF,DEOSG   ,646,75,2503,247,83,81
255,3d374c,1714203468,EDQW,1714205832,EDQW,DETEQ   ,7415,455,4626,280,132,134
256,3d70a6,1714207222,EPPR,1714207872,EPPR,DFOXI   ,4443,3247,3779,3689,0,1
257,4008e5,1714202375,EGLL,1714209654,LIRM,BAW4LR  ,947,233,13060,4060,120,1
258,40097d,1714201736,ENGM,1714209034,EGLL,BAW761  ,1312,21,2164,3045,22,7
259,4009c6,1714208588,EHAM,1714211918,EGLL,BAW3AM  ,1730,178,1955,25882,62,6
260,400f21,1714209996,EGNM,1714211037,EGCJ,GHDEW   ,205,74,508,7634,69,4
261,4010dd,1714197687,EGKK,1714204308,LDSS,EFW3IB  ,1938,448,4359,8494,109,1
262,4051c4,1714209170,EGBR,1714211350,EGBR,GCEND   ,526,87,654,6762,72,5
263,406012,1714200962,EGKK,1714206415,LIMC,EZY58QR ,1617,448,905,7187,111,4
264,406319,1714200576,EGAA,1714210649,,EZY45LY ,5154,619,0,0,27,0
265,40631a,1714196843,EGKK,1714206065,,EZY19ZY ,1935,380,0,0,109,0
266,4063de,1714199536,EGLL,1714206139,LETL,BAW408V ,796,218,74174,1933,120,5
267,40666b,1714198521,EGGW,1714207507,,EZY56ZR ,1464,289,0,0,124,0
268,40690d,1714198382,EGCC,1714208257,,EZY46XR ,454,58,0,0,76,0
269,406ae2,1714198042,EGLL,1714208299,,BAW746R ,1021,264,0,0,120,0
270,406b58,1714201192,EGKK,1714210839,,EFW05E  ,1440,342,0,0,111,0
271,406f86,1714200214,EGBB,1714208470,,EXS44U  ,295,75,0,0,121,0
272,406f87,1714197412,EGPF,1714211412,,EXS6TV  ,4236,563,0,0,20,0
273,4070e1,1714199395,EGCC,1714207203,LDSS,EXS6ZY  ,782,58,25338,8700,76,2
274,4070e4,1714198113,EGBB,1714211262,,EXS19CL ,1431,144,0,0,121,0
275,4070ed,1714196480,EGNT,1714210515,,EXS64GH ,413,40,0,0,37,0
276,40717a,1714195179,EGNM,1714209167,,EXS25J  ,335,59,0,0,69,0
277,407183,1714199003,EGPH,1714208683,LIRM,EXS723  ,300,42,7363,4357,18,1
278,4072c7,1714199511,EGCC,1714209847,,EZY83UW ,562,66,0,0,76,0
279,40731c,1714181548,KBWI,1714206202,EGLL,BAW2LJ  ,1306,52,1965,5019,540,6
280,40745e,1714197404,EHAM,1714208511,LTXE,TFL2CH  ,4781,79,1305,2974,61,6
281,4074b5,1714195741,EGGD,1714204925,,EZY25XV ,436,107,0,0,71,0
282,4074b6,1714196081,EGPH,1714204755,LDSS,EZY42BG ,95,35,1575,8357,18,1
283,4074b8,1714195239,EGGD,1714208307,,EZY24QP ,481,107,0,0,71,0
284,4075ff,1714194646,HE42,1714211840,EGLL,BAW401  ,12487,4059,1877,3243,0,6
285,407666,1714199580,EGKK,1714210752,,EZY45LC ,1767,441,0,0,111,0
286,407688,1714195696,EGKK,1714204327,,EZY38DN ,1464,441,0,0,111,0
287,4076cd,1714196584,LGAV,1714209548,EGLL,BAW63VP ,9224,1171,1951,6619,17,6
288,4076e8,1714176025,KAUS,1714207962,EGLL,BAW19W  ,1702,208,1918,2748,423,6
289,407838,1714198703,EGGD,1714210354,LGSR,EZY75MT ,476,107,22889,6910,71,0
290,4079f7,1714197223,EGLL,1714204503,,BAW53YR ,798,294,0,0,120,0
291,407a06,1714208750,EGAA,1714210679,EGGP,EZY079  ,3363,588,353,51,29,61
292,407a3a,1714201332,EGSH,1714205551,EGSH,NHZ24   ,5340,650,13257,4178,59,1
293,407b04,1714203114,EHAM,1714205519,EGNJ,KLM971  ,1771,193,1322,9579,62,3
294,407b54,1714200639,EGGW,1714208123,LDDU,WUK7DJ  ,1394,289,21944,8754,124,0
295,407b8b,1714200306,EGGW,1714208333,,WUK101  ,1232,258,0,0,124,0
296,407c11,1714203018,EHAM,1714205919,EGNV,KLM963  ,1631,155,2772,7278,62,1
297,407c89,1714205986,EGPF,1714208095,EGPC,LOG21XA ,3424,731,10289,4823,20,0
298,407caf,1714197223,EGSS,1714208172,GMMN,RUK3JJ  ,2034,244,15117,9942,109,0
299,407cb1,1714196795,EGSS,1714207739,GMMN,RUK8528 ,1459,198,20478,11077,109,0
300,407d09,1714205034,EG32,1714205838,EG32,GFOXP   ,2370,370,2861,11244,126,4
301,407d09,1714206474,EG32,1714207389,EG32,GFOXP   ,3268,378,2905,7281,126,4
302,407e30,1714209102,EGSF,1714211894,EGSF,GCMJI   ,739,7,1490,5166,127,4
303,407e46,1714195807,EGBB,1714205691,,EXS64SW ,404,83,0,0,121,0
304,407e60,1714204889,EGKK,1714211216,,EZY6493 ,1629,426,0,0,111,0
305,407f1f,1714193699,EGPH,1714205287,,RUK861  ,524,50,0,0,18,0
306,407f62,1714204392,EGKK,1714211596,LIRM,EZY94DJ ,1554,426,9477,3930,111,1
307,407f65,1714199768,EGKK,1714211545,LTAY,EZY26PE ,1747,426,104637,2363,111,3
308,407f85,1714208986,EGPD,1714210296,,LOG24YR ,334,155,0,0,13,0
309,40804e,1714196203,EGGW,1714204279,,WUK4475 ,1383,304,0,0,124,0
310,424334,1714203622,UGTB,1714205515,,AHY8224 ,1008,91,0,0,19,0
311,424381,1714205689,UB14,1714207002,,AHY253  ,9110,8674,0,0,0,0
312,424c35,1714205059,EGGP,1714206767,EGBM,MSKTO   ,14917,105,428,12667,51,2
313,43c04e,1714197345,EGVN,1714206708,,RRR6374 ,1248,224,0,0,116,0
314,440005,1714199873,LFLL,1714209028,,EJU14DF ,4508,664,0,0,103,0
315,440095,1714196818,LFRS,1714204330,GMFI,EJU4787 ,1698,406,162209,1627,49,0
316,4400d0,1714197827,LOWI,1714209211,GMMN,TYW431  ,2591,439,23460,12296,84,0
317,440185,1714205941,LFPO,1714211975,LIRN,EJU74BK ,974,94,11324,4733,88,2
318,440191,1714196886,LFPG,1714206472,GMFI,EJU96ER ,3879,238,156173,2016,93,0
319,440606,1714205075,LOWW,1714208045,LYPG,AUA84R  ,829,0,19195,6456,88,2
320,44064a,1714207802,LIME,1714210696,,EJU13FK ,1174,173,0,0,59,0
321,44065c,1714209068,LOWW,1714211379,,AUA3DX  ,879,0,0,0,88,0
322,44081e,1714203606,LOWW,1714206660,LYNK,AUA725  ,895,7,26181,5948,88,0
323,440827,1714206408,LOWW,1714209093,,AUA6KV  ,1082,15,0,0,88,0
324,440c69,1714201246,VGTJ,1714209970,,ALK190  ,11395,1897,0,0,13,0
325,440c8e,1714203394,LOWW,1714210204,,AUA903M ,971,7,0,0,88,0
326,440cbe,1714194960,LIMC,1714205009,,EJU93BQ ,1024,20,0,0,69,0
327,44b438,1714191891,EBMB,1714206163,,JAF4DT  ,465,84,0,0,95,0
328,44cdd0,1714204183,EBMB,1714210218,,BEL3UB  ,510,84,0,0,95,0
329,44ce6a,1714204275,EBMB,1714209629,LEVT,BEL8GP  ,447,84,78582,2222,95,6
330,452023,1714207027,LEBL,1714210665,LIQL,LZPDM   ,2167,308,15847,2845,21,1
331,452037,1714199516,LBSF,1714206521,HE42,BUC697  ,1766,162,20638,5331,34,1
332,458664,1714195341,EKBI,1714210951,,CAT9607 ,1931,252,0,0,50,0
333,459d6e,1714203043,EKCH,1714211686,BIKR,GRL779  ,2159,330,27804,12189,48,0
334,45ac32,1714204370,EKCH,1714210150,,SAS2831 ,2203,375,0,0,48,0
335,45ac54,1714204936,ENGM,1714206436,,SAS2301 ,5802,737,0,0,22,0
336,45cab5,1714199357,EGLL,1714207490,,BAW87PC ,1057,294,0,0,120,0
337,4601f9,1714203081,EFHK,1714209320,,FIN1175 ,408,39,0,0,24,0
338,461e1b,1714207307,EFHK,1714210956,EFSO,FIN6U   ,568,39,18579,7748,24,0
339,461f6c,1714198158,EFHK,1714207175,,FIN25J  ,463,31,0,0,24,0
340,46788f,1714204670,EFHK,1714207557,EFVA,N21     ,410,16,19370,2645,24,1
341,468979,1714205786,LGMK,1714206241,LGTP,NSK91   ,49729,1979,169510,2403,4,0
342,4692cc,1714206448,LGAV,1714207393,LGPA,AEE5C   ,13888,1163,22641,3884,16,0
343,4692d8,1714208284,,1714208852,LGAV,AEE5SR  ,0,0,50168,2420,0,13
344,469469,1714204598,LGAV,1714205878,,SXECI   ,9529,1186,0,0,17,0
345,46b826,1714203128,LCLK,1714207263,,AEE903  ,5054,660,0,0,5,0
346,46b8a9,1714202189,LROP,1714206554,LGAV,AEE96T  ,648,49,29608,2824,23,1
347,46b8aa,1714207121,LTFM,1714210287,,AEE991  ,6126,609,0,0,14,0
348,46ba85,1714209701,LGLM,1714211908,LGAV,SEH8LH  ,5889,1039,28110,2413,11,15
349,46bc38,1714204833,LGAV,1714206406,LGTP,AEE234  ,22474,1155,32109,2297,16,0
350,46bc3a,1714210251,,1714210800,LGAV,OAL029  ,0,0,50441,2451,0,8
351,46bc4a,1714206343,,1714209117,LGAV,AEE143  ,0,0,24448,3060,0,0
352,46bc51,1714204663,,1714204991,LGSO,OAL064  ,0,0,28387,2656,0,2
353,46bc53,1714205428,LGAV,1714207113,,AEE160  ,24141,1011,0,0,16,0
354,46cd38,1714210332,,1714210448,,,0,0,0,0,0,0
355,46ced4,1714208572,,1714208885,LGSO,SEH472  ,0,0,29832,2732,0,1
356,46d1cf,1714204205,,1714205384,,SEH344  ,0,0,0,0,0,0
357,471efa,1714203442,ENGM,1714206927,,WZZ75KQ ,1220,21,0,0,22,0
358,471eff,1714204158,ENBR,1714208487,,WZZ8YQ  ,1450,199,0,0,8,0
359,471f38,1714207704,EDJA,1714211004,LDSR,WZZ671  ,729,29,18992,10668,119,3
360,471f41,1714199378,EPWA,1714210215,LEBB,WZZ24PM ,1462,110,11844,2754,31,7
361,471f61,1714199135,EBCI,1714205750,,WMT485  ,895,292,0,0,103,0
362,471f63,1714201860,LIMC,1714204777,,WMT231  ,1030,28,0,0,69,0
363,471f63,1714211678,,1714211742,,WMT8XH  ,0,0,0,0,0,0
364,471f64,1714202377,LIRP,1714204379,,WMT669  ,38010,3213,0,0,0,0
365,471f66,1714204743,LIMF,1714207973,,WMT2NQ  ,309,19,0,0,73,0
366,471f6a,1714201657,EHEH,1714205680,EPCE,WZZ83P  ,712,76,13305,2523,99,0
367,471f6c,1714203741,EBCI,1714209641,LDDU,WMT1PJ  ,974,285,12507,8228,103,0
368,471f6f,1714202098,LIPH,1714204691,LDDU,WMT4YA  ,1573,157,28444,8411,47,0
369,471f7a,1714203191,LIPE,1714205237,,WMT4FV  ,2403,373,0,0,46,0
370,471f81,1714198262,EKCH,1714204650,LRSV,WMT5ZD  ,3887,253,25045,4251,48,0
371,471fa1,1714187360,LHBP,1714206630,OLBA,WZZ2373 ,1165,13,349,10344,62,0
372,47808b,1714207086,ENBR,1714208438,ENBL,WIF4SN  ,1363,207,11760,6691,8,0
373,47873a,1714208854,ENBR,1714210271,ENBL,WIF51X  ,1134,161,22472,6089,8,0
374,478ef4,1714208595,ENBR,1714209687,ENFL,WIF5MH  ,1664,169,29561,6778,8,0
375,47956b,1714201128,ENGM,1714204997,,NOZ6CF  ,3551,211,0,0,23,0
376,47a597,1714203633,ENJB,1714206594,ENDI,PIP799A ,7108,810,25703,2250,22,2
377,484161,1714205350,EHAM,1714210700,LDZD,KLM39J  ,1568,148,24379,5482,63,0
378,4841a5,1714196968,EHEH,1714206833,,TRA95Q  ,758,76,0,0,99,0
379,484561,1714209785,WSSS,1714211218,,KLM835  ,1082,77,0,0,19,0
380,484fde,1714204486,EHAM,1714210972,LIRM,KLM1677 ,1331,71,1665,4601,63,2
381,485009,1714194724,EHEH,1714205418,,TRA9R   ,765,76,0,0,99,0
382,48520c,1714194473,EHAM,1714204937,LGIK,TRA5G   ,1846,79,13458,2620,62,2
383,4854cb,1714196004,EHEH,1714207564,,TRA11C  ,788,76,0,0,99,0
384,4854cd,1714203054,EHAM,1714211825,LGTS,TRA70V  ,1401,148,6127,305,63,20
385,485814,1714203758,EHAM,1714207783,EPCE,KLM1303 ,1740,117,9904,2775,62,0
386,485a82,1714201448,EDDV,1714208500,,TUI524  ,2385,188,0,0,101,0
387,486484,1714203214,EHAM,1714209342,,KLM1525 ,1123,132,0,0,63,0
388,486648,1714196374,EHAM,1714204472,,CND643  ,4958,79,0,0,61,0
389,4891b3,1714195035,OLBA,1714206773,EPGD,ENT795P ,189621,682,25731,2639,30,1
390,4892c0,1714200310,EPKT,1714205597,,ENT12FE ,1900,138,0,0,42,0
391,48978a,1714207756,EPWA,1714209448,EPPR,LOT3EZ  ,1540,125,19637,2866,31,1
392,48ad85,1714207123,EPWA,1714209475,EPKK,LOT3HB  ,1393,80,1244,11036,31,1
393,48ada7,1714208893,EPWA,1714211784,LRSM,LOT6CV  ,1663,87,18692,6163,31,0
394,48b960,1714202951,LIPU,1714204799,LIPU,OEAAR   ,137,5,88,28,44,44
395,48c128,1714206476,,1714211959,,RYR1937 ,0,0,0,0,0,0
396,48c130,1714203140,EGSS,1714210541,LIRM,RYR3WX  ,1101,213,8652,4273,109,1
397,48c22c,1714200691,LKPR,1714205021,LYTV,RYR3AE  ,1211,14,12806,7217,113,0
398,48c230,1714205316,LZIB,1714210536,,RYR3QD  ,227,10,0,0,86,0
399,48c232,1714206582,LKPR,1714211872,LIRM,RYR63PF ,1122,14,8148,4205,113,1
400,48c2a7,1714202191,EKBI,1714207481,EPKK,RYR71TH ,1272,191,1310,10556,50,1
401,48c2ab,1714199970,EDLV,1714205233,LDSS,RYR5933 ,1198,226,11288,8875,114,2
402,490d01,1714209542,LGAV,1714210168,LGSO,NJE177A ,6956,1513,24364,3859,17,0
403,491307,1714201882,EPWA,1714208527,LSTA,NJE649B ,545,87,8188,3336,31,4
404,493295,1714204360,LKTB,1714207035,,NJE955H ,433,52,0,0,96,0
405,49516b,1714203108,LPPT,1714204732,,RZO151  ,1923,183,0,0,19,0
406,495171,1714206311,LPPT,1714208251,,RZO131  ,1324,236,0,0,20,0
407,4951ca,1714208251,LPPT,1714211404,GMMN,TAP1452 ,1095,76,14296,10628,19,0
408,495210,1714207060,LPPT,1714210366,LERE,TAP1092 ,878,68,26142,3404,19,0
409,495216,1714206735,LPPT,1714209179,,TAP1436 ,1546,68,0,0,19,0
410,495218,1714203009,LPPT,1714211230,,TAP882  ,1602,152,0,0,19,0
411,495244,1714209527,LPPD,1714210011,,SAT402  ,679,78,0,0,2,0
412,495246,1714207306,LPPD,1714207828,,SAT570  ,652,78,0,0,2,0
413,495247,1714205066,LPPD,1714205572,,SAT400  ,698,78,0,0,2,0
414,495265,1714206080,LPPD,1714206411,,SAT436  ,459,78,0,0,2,0
415,4952cb,1714207738,LPPT,1714210320,,TAP1477 ,933,76,0,0,19,0
416,49d508,1714204195,LMML,1714205951,,OKPHE   ,1207,60,0,0,5,0
417,4a1e4e,1714197516,LRBS,1714204893,LIRZ,MYJ421  ,199314,328,1704,3140,23,1
418,4a29f9,1714202017,LIME,1714207706,,HYS484  ,1162,173,0,0,59,0
419,4a4ca1,1714200286,EDDM,1714209926,,SEK6497 ,2303,42,0,0,115,0
420,4ab566,1714202511,ESSB,1714205794,,BRX282L ,328,69,0,0,21,0
421,4aca14,1714196291,ESSA,1714204304,,NSZ4335 ,1007,3,0,0,21,0
422,4aca15,1714201707,ESSA,1714204780,,NSZ35A  ,1864,3,0,0,21,0
423,4aca6f,1714203991,EKCH,1714208317,EBBR,SAS57B  ,2479,291,1284,65,48,96
424,4aca82,1714202370,ENGM,1714205969,,NSZ2012 ,1227,13,0,0,22,0
425,4aca8f,1714201906,ESSA,1714209916,,NSZ2056 ,1765,3,0,0,21,0
426,4acaa1,1714192547,ENGM,1714205716,,SAS7353 ,6141,783,0,0,22,0
427,4acaa4,1714201028,ENGM,1714206392,EFJP,SAS4472 ,2950,348,29473,11003,23,0
428,4acb03,1714196108,ESSA,1714207614,LICC,NSZ4371 ,1947,3,22738,3668,22,0
429,4b0281,1714206661,LSGG,1714211488,LEBB,EZS31NC ,207,80,16328,3539,102,0
430,4b0618,1714210849,LSPL,1714211747,LSPL,HBCIA   ,51,0,255,7,119,119
431,4b10ce,1714205306,LFKC,1714208573,LSGS,AMT12C  ,13428,1506,22548,4332,17,0
432,4b17df,1714205699,EKCH,1714211012,LSZH,SWR359D ,1888,352,1054,25,48,130
433,4b17fe,1714198226,LSGG,1714206899,,SWR6MY  ,308,49,0,0,103,0
434,4b17ff,1714205834,LFPG,1714209222,LSZH,SWR63D  ,1573,261,1013,17,90,130
435,4b1801,1714204372,LSZH,1714210547,,SWR245T ,1230,33,0,0,129,0
436,4b18ba,1714194191,LSZH,1714206984,,EDW140K ,1424,10,0,0,129,0
437,4b1a37,1714207141,LSZM,1714211342,,EZS76PT ,2691,42,0,0,129,0
438,4b4400,1714206750,LSGR,1714207046,LSGR,HBZTO   ,15839,202,18139,2260,116,40
439,4b4425,1714203588,LSGR,1714204228,LSMM,HBZUZ   ,17548,598,17467,2074,117,105
440,4b8750,1714207883,LTFJ,1714209586,,PGT20WW ,4744,522,0,0,15,0
441,4b8d41,1714209624,LTFM,1714211869,,TCCJA   ,4606,617,0,0,14,0
442,4b8e05,1714207457,LTFJ,1714208927,LTAE,PGT9BY  ,7931,712,6726,10434,15,2
443,4b8e46,1714204286,LTFJ,1714205729,,PGT5WB  ,4388,522,0,0,15,0
444,4b9065,1714178859,OERM,1714211679,,PGT370  ,15687,10359,0,0,0,0
445,4b906c,1714202492,LTFJ,1714211370,,PGT396  ,3824,529,0,0,15,0
446,4b9e4f,1714198637,LTAI,1714207935,,STW011  ,1228,106,0,0,8,0
447,4b9e56,1714197429,LTAI,1714205412,,STW167  ,1972,136,0,0,8,0
448,4ba8c3,1714207338,,1714208981,,TKJ17T  ,0,0,0,0,0,0
449,4ba8c4,1714209035,LTFJ,1714210102,,TKJ4TP  ,3460,537,0,0,15,0
450,4ba8d0,1714193799,LTAI,1714204897,,THY4JT  ,1526,113,0,0,8,0
451,4ba8f9,1714211005,LTBM,1714211715,,TKJ2ET  ,117429,1463,0,0,4,0
452,4ba906,1714205907,LTAI,1714207382,,TKJ60G  ,1430,151,0,0,8,0
453,4ba90d,1714208949,LTFM,1714210786,LTAE,THY2648 ,9262,1021,6242,11043,14,2
454,4ba915,1714205476,LTFM,1714206953,,THY8KM  ,6462,533,0,0,14,0
455,4ba959,1714172444,LTFM,1714206903,WMKK,THY49A  ,12729,609,13318,3286,14,0
456,4ba9a9,1714200015,UGTB,1714206160,LTBP,THY6EL  ,641,83,25662,3823,19,0
457,4ba9c1,1714184690,,1714209367,,THY1GH  ,0,0,0,0,0,0
458,4baa0b,1714206442,LTFM,1714208265,LTAE,THY9EH  ,6402,510,10409,9816,14,1
459,4baa41,1714200028,LTFM,1714206904,,THY5144 ,4934,556,0,0,14,0
460,4baa4b,1714206525,LTFM,1714208318,,THY2DQ  ,6361,480,0,0,14,0
461,4baa50,1714195877,LTFM,1714204474,,THY1SL  ,6507,464,0,0,14,0
462,4baa6b,1714195450,LTFM,1714205543,,THY1YW  ,8481,548,0,0,14,0
463,4baad2,1714205815,LTFM,1714207660,LTAE,THY60E  ,6492,563,7748,11043,14,3
464,4baada,1714201652,LTFM,1714205006,,THY5LV  ,5594,480,0,0,14,0
465,4bab24,1714201929,LTFM,1714204243,LTBL,THY4CT  ,5357,434,12523,2738,14,3
466,4bab2e,1714204983,LTFM,1714207258,LTBL,THY6DS  ,6448,472,5912,3424,14,3
467,4bab4a,1714210428,LTAR,1714211951,LTCE,TKJ39G  ,69468,9071,21176,8903,0,0
468,4bab4c,1714207646,LTFJ,1714209261,LTAC,TKJ1MY  ,4311,544,17352,10325,15,0
469,4bab4e,1714208753,,1714210491,,TKJ12J  ,0,0,0,0,0,0
470,4bb021,1714205625,LTFM,1714207372,,THY4ZB  ,7775,655,0,0,14,0
471,4bb06a,1714194445,LTFM,1714208089,,THY2ES  ,6439,457,0,0,14,0
472,4bb0e4,1714174153,LTFM,1714204322,,THY162  ,8353,457,0,0,14,0
473,4bb0ea,1714174813,LTFM,1714211107,WIPK,THY056  ,11430,556,16392,11853,14,0
474,4bb295,1714209305,LTFJ,1714211371,LTBO,TKJ9JA  ,3823,537,176493,2043,15,0
475,4bb296,1714203747,,1714205677,,TKJ3LR  ,0,0,0,0,0,0
476,4bb2a3,1714207006,LTFJ,1714209199,LTBM,TKJ3030 ,3585,514,24926,4282,15,1
477,4bb567,1714194277,LTAI,1714205354,,CAI8711 ,961,121,0,0,8,0
478,4bb855,1714198749,LTAI,1714209342,EDDP,PGT2QB  ,1052,106,1111,10526,8,6
479,4bb868,1714202944,LCEN,1714205939,LTFB,PGT1865 ,24861,158,14292,2618,5,5
480,4bb874,1714201152,,1714207544,OLBA,PGT1710 ,0,0,366,5658,0,0
481,4bc84c,1714199932,LTFJ,1714204488,,PGT29J  ,3388,491,0,0,15,0
482,4bca63,1714206861,LTBA,1714208551,LTAE,RHH426  ,956,19,13480,9824,13,0
483,4bcdab,1714205423,,1714207412,,SXS25M  ,0,0,0,0,0,0
484,4bcdae,1714198564,EDDF,1714208079,,SXS2    ,4171,102,0,0,150,0
485,4bcde3,1714207851,,1714210155,LTBO,SXS9903 ,0,0,176099,2004,0,0
486,4bcdf9,1714198248,EDDL,1714207873,,SXS8E   ,598,61,0,0,123,0
487,4bce03,1714197064,EDDL,1714208330,LTXE,SXS8ZC  ,798,54,2808,3713,123,1
488,4bce15,1714198875,EDLW,1714208116,LTFA,SXS2MG  ,551,53,12788,3478,130,1
489,4c01ec,1714206537,LYBE,1714207865,,ASL80X  ,587,41,0,0,31,0
490,4ca15c,1714196508,EIDW,1714205968,LIAU,EIN45F  ,622,147,23513,3432,27,1
491,4ca217,1714201174,EIDW,1714209796,LDSP,EIN4AM  ,673,154,4355,8998,27,1
492,4ca2c0,1714201397,EBCI,1714211827,GMFI,RYR34YB ,1114,292,156488,1940,103,0
493,4ca643,1714201823,LEPA,1714206762,GMFI,RYR9395 ,2721,227,98687,1833,5,0
494,4ca6c4,1714200482,EIDW,1714210084,,EIN776  ,470,93,0,0,27,0
495,4ca702,1714198762,EGSS,1714206229,LROD,RYR8KY  ,1331,259,23348,6708,109,0
496,4ca730,1714204844,LIRF,1714206228,,ITY1165 ,344,186,0,0,19,0
497,4ca73b,1714200069,LEMD,1714205038,,RYR5LW  ,1780,99,0,0,29,0
498,4ca73f,1714193639,EGPK,1714207890,,RYR41MD ,9526,1229,0,0,21,0
499,4ca760,1714199839,EGNT,1714210371,,RYR976A ,586,48,0,0,36,0
500,4ca7b3,1714203305,LEZG,1714208282,GMFI,RYR1753 ,726,285,103244,2024,23,0
501,4ca7b6,1714208672,LEZL,1714210656,,RYR90PR ,1369,285,0,0,20,0
502,4ca7d7,1714204339,LIRF,1714206139,,ITY1591 ,23,201,0,0,19,0
503,4ca801,1714200909,EGSS,1714205718,EDDP,RYR21LF ,1278,244,1154,11440,109,6
504,4ca814,1714205035,ESGG,1714211910,LDRO,RYR73NY ,1746,211,30759,2380,42,6
505,4ca852,1714209210,LEMG,1714211847,,RYR3AA  ,4199,585,0,0,20,0
506,4ca8e4,1714200696,EGNX,1714208040,,RYR13DL ,819,74,0,0,123,0
507,4ca97c,1714202456,,1714206821,,RYR2216 ,0,0,0,0,0,0
508,4ca9ed,1714204500,EGSS,1714211193,,RUK43XK ,1580,198,0,0,109,0
509,4ca9ee,1714202761,LIML,1714206203,,ITY1195 ,450,23,0,0,56,0
510,4caa57,1714192919,EBCI,1714207370,LLTN,RYR8452 ,1392,300,13574,3962,103,3
511,4cabda,1714206488,EDDF,1714211729,EGNT,DLH8CT  ,1779,102,914,5100,150,0
512,4cac53,1714194178,EGPH,1714206994,,RYR9JZ  ,550,42,0,0,18,0
513,4cac7a,1714203827,EKCH,1714211276,LIRM,SAS81L  ,2344,337,13907,3907,48,1
514,4cac82,1714204965,LIML,1714208894,,ITY1765 ,65,23,0,0,57,0
515,4caca2,1714199777,LFML,1714206466,DAAQ,FPO755  ,1771,427,179942,2024,53,1
516,4cacf4,1714200226,MMMX,1714206434,MHAM,AMX717  ,745,96,11468,11265,17,1
517,4cad12,1714199475,LIME,1714205146,LETL,RYR339U ,935,157,135061,2398,59,0
518,4cad1f,1714195132,,1714205474,OP1Y,KZR604  ,0,0,12520,9564,0,0
519,4cad3f,1714202065,GMMN,1714206908,LEXJ,RYR67QU ,46794,10292,29023,2593,0,12
520,4cad52,1714206771,LIRF,1714207814,LIRM,ITY1263 ,670,125,28699,3740,19,0
521,4cad91,1714197095,ESSA,1714205607,EGLL,SAS40E  ,1695,3,1876,33898,21,6
522,4cada4,1714196160,EGCC,1714206154,,RYR2131 ,837,58,0,0,76,0
523,4cada6,1714206299,LIRF,1714207772,,ITY1617 ,26,255,0,0,19,0
524,4cada8,1714203979,LIRF,1714205514,,ITY1621 ,655,110,0,0,19,0
525,4cadc2,1714197756,EGNX,1714207524,,RYR37UC ,241,66,0,0,123,0
526,4cadcb,1714205585,LIML,1714208377,,ITY1629 ,217,0,0,0,57,0
527,4cadcc,1714203137,LIRF,1714204820,,ITY582  ,442,110,0,0,19,0
528,4cc4d1,1714207051,BIRK,1714207973,,ICE30R  ,1220,244,0,0,30,0
529,4cc589,1714209669,BIRK,1714210748,BIHZ,FNA78   ,1868,290,26501,5675,30,0
530,4d012f,1714208879,SBKP,1714209670,,CLX6225 ,275,28,0,0,139,0
531,4d02e9,1714207855,LSGG,1714210357,LIQL,JFA00B  ,474,164,14956,2647,104,6
532,4d21ed,1714205497,LIME,1714208923,,RYR7DZ  ,1988,295,0,0,59,0
533,4d21f7,1714209576,LIRF,1714211180,,RYR615X ,301,201,0,0,19,0
534,4d2209,1714208787,LIMC,1714211901,,RYR9BD  ,956,43,0,0,69,0
535,4d2214,1714206196,LMML,1714208217,,RYR9KG  ,2212,30,0,0,5,0
536,4d2235,1714209506,LIRF,1714211757,,RYR304W ,140,262,0,0,19,0
537,4d2238,1714202077,ENTO,1714210484,LILQ,RYR1282 ,6826,728,9823,2701,21,6
538,4d2243,1714208134,LIMF,1714211717,,RYR91TG ,417,34,0,0,73,0
539,4d224a,1714193837,EDDP,1714207850,,FHM1541 ,1319,11135,0,0,0,0
540,4d225a,1714202972,LIMF,1714207932,,RYR3MJ  ,738,34,0,0,72,0
541,4d225f,1714200450,EDSB,1714206149,,RYR30SH ,1183,226,0,0,157,0
542,4d2271,1714209335,LIPZ,1714211465,,RYR2HF  ,558,112,0,0,44,0
543,4d2274,1714191528,EDDB,1714207995,,RYR2418 ,1391,20,0,0,83,0
544,4d2290,1714205945,LIED,1714208094,LIDP,RYR5709 ,158509,4739,149503,2485,1,0
545,4d22a3,1714193980,EBMB,1714204532,,CXI7663 ,481,84,0,0,95,0
546,4d22fc,1714207573,VIDP,1714209351,,IGO6248 ,857,121,0,0,15,0
547,4d22fd,1714203432,VIDP,1714209663,VGCM,IGO2206 ,831,167,7747,3154,15,0
548,4d232c,1714197724,EDDL,1714211647,,CXI3YX  ,698,61,0,0,123,0
549,4d2382,1714201919,EBCI,1714207329,LDSR,RYR92ZA ,1003,308,25738,10668,103,1
550,4d23ea,1714193703,EDDL,1714204578,,CXI8Y   ,704,54,0,0,123,0
551,4d23f0,1714202541,LIRF,1714208172,,AEZ134B ,554,209,0,0,19,0
552,501c2d,1714196761,EDDW,1714206418,,SDR48QM ,1210,148,0,0,110,0
553,501dd1,1714206677,EDDM,1714210047,LDZD,CTN39PR ,1100,179,20648,5444,116,0
554,502ce4,1714194302,EYVI,1714211686,,BTI6WU  ,228,45,0,0,28,0
555,502d0f,1714200973,EDDM,1714207899,LEBB,DLH53K  ,2717,72,23510,3699,116,0
556,502d33,1714208632,VOBL,1714210399,,IGO44N  ,1603,0,0,0,10,0
557,503e68,1714203084,EDLW,1714208801,LYTV,WMT7JZ  ,607,60,15018,10357,130,1
558,504e61,1714209957,LTFM,1714210842,,HYM422  ,176541,571,0,0,14,0
559,505ceb,1714198227,EDDM,1714206627,,ART355  ,1334,26,0,0,115,0
560,505d58,1714201373,EGBB,1714208740,LDSS,EXS89RC ,1586,167,16909,8814,122,2
561,507c70,1714204091,,1714204957,OEPK,UZB341  ,0,0,23179,10668,0,0
562,507c8b,1714205053,,1714207271,,UZB9683 ,0,0,0,0,0,0
563,508279,1714200321,EDDL,1714206427,,FIA686  ,608,61,0,0,123,0
564,50841c,1714203650,,1714208012,LGSR,SEU844  ,0,0,16758,6826,0,0
565,508429,1714203265,,1714208017,,HYM346  ,0,0,0,0,0,0
566,50848a,1714194684,LKPR,1714207662,,FEG3182 ,1182,6,0,0,113,0
567,51009b,1714151739,UMMS,1714208140,,BRU9301 ,3011,237,0,0,4,0
568,5100fa,1714206969,UMMS,1714208022,XUBS,BRU961  ,254878,237,15542,9046,4,0
569,5100fc,1714180835,UGSB,1714210776,EYND,BRU949  ,1002,47,20689,2619,8,8
570,511160,1714205671,VVGL,1714206906,,BAV1415 ,16974,1531,0,0,6,0
571,5140b0,1714210135,UGTB,1714211560,UBBQ,IGT0316 ,408,83,25676,7944,19,0
572,5140b3,1714188968,,1714205827,,TGZ936  ,0,0,0,0,0,0
573,5140c7,1714204357,UGTB,1714205837,,TGZ767  ,559,83,0,0,19,0
574,5140c9,1714203258,UGTB,1714208736,UKFF,GEL351  ,547,83,1336,10328,19,2
575,600018,1714205152,UD21,1714206469,,AAG126  ,52263,2951,0,0,0,0
576,600842,1714210005,,1714211997,,AHY8083 ,0,0,0,0,0,0
577,600853,1714198087,UUWW,1714206785,,AHY812  ,178067,1002,0,0,14,0
578,600866,1714207740,,1714208944,,AZQ7106 ,0,0,0,0,0,0
579,60088f,1714196775,,1714204544,,AHY8041 ,0,0,0,0,0,0
580,600b21,1714201078,LLBG,1714209309,,AZG217  ,2039,446,0,0,35,0
581,6010b0,1714204147,UUDD,1714206310,,AVJ884  ,2728,285,0,0,15,0
582,6010d5,1714208121,USSK,1714210209,,AVJ866  ,7047,1541,0,0,5,0
583,7020a2,1714203733,VGEG,1714206009,VGZR,UBG108  ,416,171,23636,6086,8,2
584,7020a2,1714211565,,1714211806,,UBG537  ,0,0,0,0,0,0
585,7020a6,1714204332,,1714207952,,BBC592  ,0,0,0,0,0,0
586,7020ac,1714193002,VGZR,1714204589,WMKK,UBG315  ,2461,288,21053,2691,14,0
587,7020b3,1714206547,VGZR,1714208227,,AWA473  ,16540,1918,0,0,15,0
588,7020b8,1714206051,VGTJ,1714208287,,UBG151  ,14606,2057,0,0,0,0
589,704009,1714208753,VTBS,1714209569,VTBK,MMA334  ,5076,714,15607,7267,14,0
590,706025,1714208340,OKBK,1714208828,,KAC513  ,3824,363,0,0,13,0
591,706027,1714205759,OKBK,1714206433,,KAC617  ,3359,302,0,0,13,0
592,70604a,1714210994,OKBK,1714211588,,KUG8059 ,3020,310,0,0,13,0
593,706051,1714185618,OKBK,1714209587,,KAC123  ,4321,386,0,0,13,0
594,706060,1714210673,OKBK,1714211757,,KAC521  ,3507,424,0,0,13,0
595,70606a,1714211207,OKBK,1714211822,,KAC613  ,3456,348,0,0,13,0
596,70612c,1714207514,OKBK,1714208334,,JZR221  ,3388,333,0,0,13,0
597,706131,1714205625,OKBK,1714206587,OEPK,JZR245  ,3519,379,20561,10469,13,0
598,706132,1714209464,OKBK,1714210312,,JZR213  ,3435,424,0,0,13,0
599,706133,1714206869,OKBK,1714207874,OEPK,JZR201  ,4033,379,10001,9715,13,0
600,706134,1714208490,OKBK,1714209374,OETN,JZR233  ,4146,432,2010,7001,13,1
601,706135,1714209293,OKBK,1714209814,,JZR101  ,1295026,417,0,0,13,0
602,70620a,1714205956,OKBK,1714206817,,JZR601  ,3714,348,0,0,13,0
603,70620b,1714205446,OKBK,1714206150,,JZR151  ,3300,234,0,0,13,0
604,70620d,1714203696,OKBK,1714204644,,JZR155  ,3926,363,0,0,13,0
605,706213,1714209698,OKBK,1714210669,,JZR249  ,3475,295,0,0,13,0
606,70a8e9,1714206518,VNKT,1714206893,VNKT,SHA823  ,659,10,39158,2471,23,8
607,70a8ee,1714204963,VNKT,1714205535,VNKT,BHA857  ,1929,170,41051,2479,24,8
608,70a8fe,1714208657,VNKT,1714209066,VNRC,SHA735  ,2419,254,26947,4242,24,5
609,70c0c6,1714199509,,1714211831,,QTR28Y  ,0,0,0,0,0,0
610,70c10b,1714204083,,1714204961,,OMS554  ,0,0,0,0,0,0
611,70e074,1714205487,VTBS,1714206991,,SWM675  ,4301,493,0,0,14,0
612,70e084,1714198605,WSSS,1714205392,VYDW,MMA232  ,2357,305,18217,10337,19,0
613,710022,1714193990,OERK,1714206803,,MEDVC4C ,27562,853,0,0,11,0
614,710051,1714194988,,1714205162,,SVA365  ,0,0,0,0,0,0
615,7100ab,1714208083,,1714208092,,SVA1141 ,0,0,0,0,0,0
616,7100b7,1714205857,OERK,1714206025,OE53,SVA1029 ,40409,1196,20292,4139,11,2
617,7100bf,1714190638,,1714206301,,SVA818  ,0,0,0,0,0,0
618,710117,1714204802,OKBK,1714205707,,SVA513  ,3299,280,0,0,13,0
619,7103ad,1714208334,OERK,1714208593,,RSF5004 ,17338,1280,0,0,11,0
620,710417,1714203403,OMDB,1714204497,,SVA567  ,1145,34,0,0,21,0
621,710500,1714203043,HEAZ,1714204586,HE42,SVA331  ,1414336,10264,25709,6794,1,2
622,7105bc,1714199581,OERK,1714207447,,KNE273  ,843280,769,0,0,11,0
623,710dbf,1714164124,,1714208467,LQSA,KNE343  ,0,0,17950,2169,0,9
624,710dc1,1714208040,OERK,1714208375,OERY,KNE035  ,27198,1067,21234,5674,11,0
625,717c83,1714211373,,1714211765,,SVA1109 ,0,0,0,0,0,0
626,717c94,1714189712,OERK,1714207580,HE15,KNE587  ,23319,1189,26533,6537,11,0
627,71ba01,1714207516,,1714208212,,KAL1725 ,0,0,0,0,0,0
628,71ba07,1714203704,RKSI,1714205736,RKPC,KAL633  ,3096,191,29353,11538,56,0
629,71bd28,1714203814,RKSS,1714205785,,AAR8967 ,818,96,0,0,62,0
630,71bd86,1714209031,RKSS,1714210965,,KAL1187 ,318,96,0,0,61,0
631,71bd87,1714207282,RKSS,1714209328,,KAL1177 ,882,180,0,0,62,0
632,71be02,1714205906,RKSI,1714206638,,KAL317  ,5146,694,0,0,57,0
633,71bf06,1714206371,RKSS,1714208318,,KAL1165 ,835,58,0,0,62,0
634,71bf86,1714204700,RKJJ,1714205534,,JNA455  ,4559,582,0,0,25,0
635,71c012,1714204924,RKSS,1714206040,RKTS,JNA653  ,464,20,19663,6250,61,1
636,71c031,1714208951,,1714209603,RK6D,JJA854  ,0,0,24447,5738,0,0
637,71c062,1714210937,RKJJ,1714211737,,JJA605  ,4672,567,0,0,25,0
638,71c064,1714202306,RKSS,1714204402,,JJA131  ,486,27,0,0,61,0
639,71c064,1714209676,,1714210346,RKPS,JJA706  ,0,0,12387,6309,0,0
640,71c069,1714209163,RKSS,1714211225,,TWB729  ,736,20,0,0,61,0
641,71c070,1714203649,RKJJ,1714204563,,TWB907  ,4678,628,0,0,25,0
642,71c090,1714206744,,1714206744,,,0,0,0,0,0,0
643,71c091,1714206544,RKSS,1714207825,,KAL1827 ,809,20,0,0,61,0
644,71c093,1714208298,RKJJ,1714209012,,KAL1619 ,3753,582,0,0,25,0
645,71c221,1714203275,,1714207965,RJAA,KAL2131 ,0,0,1112,27358,0,0
646,71c225,1714203662,,1714204404,,JNA407  ,0,0,0,0,0,0
647,71c242,1714208105,RK52,1714209790,,JNA473  ,46055,5907,0,0,0,0
648,71c243,1714208441,,1714209116,,JNA409  ,0,0,0,0,0,0
649,71c256,1714208559,RKSS,1714210542,,AAR8973 ,1015,111,0,0,62,0
650,71c257,1714204204,RKSS,1714205495,,ABL8821 ,1049,65,0,0,62,0
651,71c261,1714207104,,1714207728,RK6D,JJA856  ,0,0,22080,5128,0,0
652,71c278,1714207109,,1714207803,,AAR8235 ,0,0,0,0,0,0
653,71c279,1714208687,RKJJ,1714209485,,AAR8147 ,4643,811,0,0,25,0
654,71c309,1714207683,RKSS,1714209686,,ABL8019 ,563,27,0,0,61,0
655,71c312,1714207101,RKSI,1714208426,,KAL1415 ,3102,488,0,0,56,0
656,71c321,1714203909,RKPS,1714204248,,JJA705  ,143900,6697,0,0,0,0
657,71c348,1714202051,RKSS,1714204406,,KAL2209 ,716,27,0,0,61,0
658,71c354,1714210313,,1714211050,RK6D,TWB876  ,0,0,25560,5738,0,0
659,71c365,1714209963,RKSS,1714211907,,ABL8015 ,1055,27,0,0,61,0
660,71c375,1714204942,,1714205572,RK6D,ESR304  ,0,0,22344,3376,0,0
661,71c375,1714209677,,1714210365,,ESR303  ,0,0,0,0,0,0
662,71c540,1714205650,,1714206265,RK6D,EOK610  ,0,0,19947,4519,0,0
663,71c545,1714205923,,1714206733,,ESR703  ,0,0,0,0,0,0
664,71c547,1714206701,RKSS,1714208634,,TWB727  ,685,20,0,0,61,0
665,71c549,1714209410,RKSS,1714211370,,ESR227  ,773,20,0,0,61,0
666,728646,1714203938,OLBA,1714205652,OLBA,IAW147  ,270736,10336,367,8119,0,0
667,728669,1714210781,OLBA,1714211557,OLBA,IAW138  ,257637,3036,370,11860,0,0
668,728683,1714208511,OLBA,1714209961,OLBA,IAW101  ,370,12180,367,9414,0,0
669,728683,1714210848,OLBA,1714211755,,IAW101  ,419,9422,0,0,0,0
670,738c06,1714185415,EBLG,1714206546,,ICL811  ,1315,58,0,0,112,0
671,740731,1714205403,OJAI,1714205403,OJAI,RJA153  ,162094,7766,6088,10258,0,1
672,740737,1714204461,,1714206629,OLBA,RJA117  ,0,0,367,10336,0,0
673,7448a1,1714195202,,1714210659,OLBA,RJA402  ,0,0,366,9429,0,0
674,7448a1,1714211809,OLBA,1714211809,OLBA,,365,5353,366,5353,0,0
675,748017,1714178328,OLBA,1714204897,,MEA571  ,3762,1009,0,0,30,0
676,748025,1714199843,OLBA,1714204837,,MEA251  ,1064666,1063,0,0,30,0
677,75002c,1714209422,WMKK,1714210313,,AXM860  ,38888,893,0,0,23,0
678,7500e4,1714203569,,1714205333,WMAJ,AXM6416 ,0,0,11541,9156,0,0
679,7501fc,1714206776,WMKK,1714207651,,AXM393  ,21644,1403,0,0,24,0
680,750206,1714201737,WBKK,1714209005,WMKK,MAS2641 ,1707,263,20802,3042,15,0
681,75020b,1714204075,VTBS,1714209720,WMKK,MAS789  ,5059,707,28108,3065,14,0
682,75020c,1714206064,,1714207127,WMKK,MAS2521 ,0,0,12832,3171,0,0
683,75020e,1714198248,WBKS,1714206521,WMKK,MAS2711 ,999,130,12370,2950,15,0
684,750210,1714203881,WSSS,1714205415,WMAA,MAS624  ,2341,275,24281,5184,19,0
685,750214,1714207266,WMKK,1714208443,,MAS2718 ,20989,1030,0,0,23,0
686,750215,1714203525,WMKK,1714204737,,MAS2544 ,69500,1137,0,0,23,0
687,75021b,1714202874,WMKK,1714205778,,MAS853  ,23737,1114,0,0,23,0
688,75021e,1714200345,VGTJ,1714211786,WMKK,MAS103  ,18928,1897,22729,3209,14,0
689,750220,1714208348,,1714209893,WMKK,MAS865  ,0,0,27432,3057,0,0
690,750222,1714206717,WMKK,1714207378,,MAS1336 ,15731,1205,0,0,23,0
691,750236,1714205903,,1714206888,,FFM2752 ,0,0,0,0,0,0
692,750239,1714206637,WMKJ,1714207521,,AXM5412 ,10974,1109,0,0,19,0
693,75025b,1714183096,RJAA,1714209346,WMKK,MAS89   ,2129,147,13704,2813,17,0
694,75025c,1714194706,,1714206092,WMKK,MAS319  ,0,0,12956,2996,0,0
695,75025d,1714185476,RKSI,1714207521,WMKK,MAS067  ,4750,450,13253,2927,57,0
696,75027e,1714205378,WMKK,1714208216,,AXM378  ,17384,1221,0,0,24,0
697,750280,1714198678,VVGL,1714208790,WMKK,MAS753  ,15503,1790,14140,3377,6,0
698,750288,1714205869,WMKK,1714206759,WMAJ,AXM826  ,53915,1281,5427,7305,24,1
699,75029c,1714205042,WMKK,1714205851,,AXM6228 ,15453,1739,0,0,23,0
700,7502c4,1714205364,,1714206392,,MXD503  ,0,0,0,0,0,0
701,7502d9,1714167485,YSSY,1714204463,WMAA,MXD172  ,750,113,23748,4171,32,0
702,750319,1714206420,WMKK,1714210009,,MAS723  ,20432,1442,0,0,24,0
703,75033d,1714204172,,1714205361,WIBB,AXM428  ,0,0,28767,3352,0,0
704,7503b1,1714203329,WMKK,1714204569,,AXM5236 ,14941,1182,0,0,23,0
705,7503bf,1714203884,,1714205128,,AXM5209 ,0,0,0,0,0,0
706,7503c4,1714206610,WSSS,1714208117,WMKM,AXM714  ,1093,77,22546,2923,19,0
707,7503c8,1714209762,WMKK,1714210630,,AXM6302 ,15790,1221,0,0,24,0
708,7503d6,1714209903,,1714210888,WMAA,MXD808  ,0,0,27413,4361,0,0
709,750400,1714204483,,1714205135,WMKK,MXD2205 ,0,0,13206,3087,0,0
710,750405,1714205953,WIDD,1714207371,,MXD357  ,6221,616,0,0,17,0
711,75041b,1714204741,WMKJ,1714205594,WMAA,MXD2406 ,17545,1932,27126,3836,19,0
712,75041d,1714205629,,1714209121,WMKK,MXD315  ,0,0,24182,3011,0,0
713,750421,1714204268,WMKK,1714207691,,MXD348  ,20092,1144,0,0,23,0
714,750422,1714188421,YPPH,1714207390,WMKK,MXD196  ,446,43,12614,2981,34,0
715,750424,1714203904,,1714204407,WMKK,MXD2103 ,0,0,24234,3255,0,0
716,750425,1714198360,,1714207245,WMKK,MXD615  ,0,0,13776,3164,0,0
717,75043e,1714205684,WMKK,1714206610,WMBA,AXM9312 ,12094,1480,23003,8839,24,1
718,75044e,1714164743,EGLL,1714210445,,MAS1    ,1190,287,0,0,119,0
719,75045a,1714210583,WMKK,1714211803,,AXM5242 ,11791,1076,0,0,23,0
720,750470,1714203646,WMKK,1714207170,,AXM348  ,22441,1259,0,0,23,0
721,75047a,1714207145,,1714209518,,MAS714  ,0,0,0,0,0,0
722,750480,1714208258,WMKK,1714209316,WMPA,AXM6014 ,6440,1434,7848,8528,24,1
723,7504b5,1714207967,,1714209671,,AXM405  ,0,0,0,0,0,0
724,750514,1714204983,,1714205905,,KXP1616 ,0,0,0,0,0,0
725,758073,1714208934,RPLL,1714210824,RPVJ,GAP2987 ,514,198,3730,9334,26,0
726,758081,1714207475,RPLL,1714209428,,GAP2135 ,850,53,0,0,25,0
727,7580a0,1714204537,RPLL,1714206065,RPVL,GAP2043 ,267,144,13940,3966,26,0
728,7580b3,1714207133,RPLL,1714208904,,GAP2525 ,652,53,0,0,26,0
729,758228,1714203721,RPLL,1714205120,RPVL,CEB905  ,428,175,11729,3912,26,0
730,75824c,1714205540,RPLL,1714207625,,GAP2455 ,554,68,0,0,26,0
731,758321,1714203582,RPLL,1714205271,,APG777  ,192,121,0,0,26,0
732,758325,1714208460,RPLL,1714210208,,CEB477  ,463,182,0,0,26,0
733,7583a4,1714207425,RPLL,1714209149,,CEB615  ,303,190,0,0,26,0
734,7583a5,1714206771,RPLC,1714209302,,CEB985  ,3750,477,0,0,25,0
735,7583ae,1714205278,RPLL,1714207112,RPVJ,GAP2817 ,714,198,8171,9433,26,0
736,7583e4,1714206870,RPLL,1714208739,RPVJ,APG327  ,365,182,7564,9677,26,0
737,7583e8,1714205110,RPLL,1714207125,,CEB981  ,444,167,0,0,26,0
738,7583ee,1714203171,RPLC,1714205830,,ATX211  ,2530,439,0,0,25,0
739,758511,1714206125,RPLL,1714208435,,SRQ6197 ,478,144,0,0,26,0
740,758527,1714204973,RPLL,1714206564,,GAP2965 ,603,91,0,0,26,0
741,758530,1714207005,RPLL,1714208709,,CEB977  ,645,53,0,0,26,0
742,758531,1714208348,RPLL,1714210084,,CEB575  ,422,160,0,0,26,0
743,758534,1714209245,RPLL,1714211018,,CEB377  ,185,106,0,0,26,0
744,758538,1714208184,RPLL,1714210041,,APG605  ,221,167,0,0,26,0
745,758560,1714208046,RPLL,1714209869,,APG132  ,180,175,0,0,26,0
746,75859f,1714202937,RPLL,1714204765,,SRQ6195 ,663,114,0,0,25,0
747,7585a0,1714206710,RPLL,1714209039,,SRQ6243 ,575,152,0,0,26,0
748,7585b4,1714205993,RPLL,1714207682,,APG352  ,209,152,0,0,26,0
749,7585e8,1714204014,RPLL,1714205803,,CEB487  ,412,167,0,0,26,0
750,75863e,1714204038,RPLC,1714206402,RPVL,GAP2376 ,2662,454,24965,3996,25,0
751,758706,1714200181,RPLL,1714209794,,CEB828  ,200,121,0,0,26,0
752,75870e,1714205673,RPLL,1714207477,RPVJ,CEB653  ,667,152,4653,9929,25,0
753,758722,1714205813,RPLL,1714207111,,CEB2001 ,510,144,0,0,26,0
754,758723,1714207628,RPLL,1714209445,RPVJ,CEB651  ,432,198,1593,9715,26,0
755,75874a,1714204353,RPLL,1714206243,,CEB857  ,494,137,0,0,26,0
756,758795,1714202693,RPLL,1714204351,,CEB391  ,989,99,0,0,25,0
757,7587ac,1714209529,RPLL,1714211629,,CEB787  ,520,167,0,0,26,0
758,760982,1714210575,,1714211522,,PIA455  ,0,0,0,0,0,0
759,7609b0,1714210245,,1714211138,,ABQ200  ,0,0,0,0,0,0
760,7609b8,1714206433,OPLA,1714208547,,PIA303  ,378,49,0,0,24,0
761,7609d5,1714199533,,1714207421,,ABQ271  ,0,0,0,0,0,0
762,7609ee,1714178933,OMDB,1714207375,OPDG,PIA234  ,1049,49,29053,11432,21,0
763,7609fa,1714206939,,1714207901,OPDG,FJL673  ,0,0,15246,10815,0,0
764,76aa79,1714209046,WSSS,1714210697,,JSA535  ,1251,305,0,0,19,0
765,76b443,1714207100,WSSS,1714207462,,SIA158  ,1053,69,0,0,19,0
766,76b44d,1714207774,WSSS,1714210080,,SIA928  ,1051,77,0,0,19,0
767,76b4e4,1714206307,WSSS,1714208049,WMAC,SIA736  ,939,199,28393,11506,19,0
768,76b4ed,1714204217,WSSS,1714206527,WMAJ,SIA138  ,1650,122,22596,10124,19,0
769,76b862,1714197268,WSSS,1714206255,,TGW360  ,2222,168,0,0,19,0
770,76cc65,1714210321,WSSS,1714210799,,SIA186  ,1073,77,0,0,19,0
771,76cc6b,1714206787,WSSS,1714207832,,SIA944  ,1066,77,0,0,19,0
772,76cda7,1714194079,WSSS,1714207856,,SIA832  ,2053,199,0,0,19,0
773,76cdae,1714207287,WSSS,1714209265,,SIA962  ,1931,77,0,0,19,0
774,76d1c2,1714195931,WSSS,1714210325,,TGW176  ,2240,290,0,0,19,0
775,76d249,1714207885,WSSS,1714208507,,TGW418  ,1068,282,0,0,19,0
776,76d24c,1714203792,WSSS,1714204552,WMAU,TGW302  ,2408,336,15372,6710,19,0
777,76d254,1714206147,WSSS,1714208350,WMAJ,TGW486  ,1269,290,9630,3098,19,0
778,77044d,1714179533,VTBS,1714207102,,ALK403  ,4561,554,0,0,14,0
779,770453,1714205606,,1714206398,,ALK139  ,0,0,0,0,0,0
780,77058f,1714202482,,1714205740,,ALK152  ,0,0,0,0,0,0
781,778567,1714204352,,1714205256,,SYR521  ,0,0,0,0,0,0
782,780015,1714206798,ZGSZ,1714207690,,CSN5457 ,3873,666,0,0,5,0
783,780291,1714191965,VHHH,1714208648,,CES766  ,884,75,0,0,5,0
784,7802ab,1714206573,,1714209196,,CSN6251 ,0,0,0,0,0,0
785,780358,1714207826,,1714211878,VHHH,CXA8719 ,0,0,4097,4792,0,1
786,7803e9,1714200664,VHHH,1714204699,,CES702  ,1342,98,0,0,5,0
787,78041c,1714196540,RKSI,1714208179,VHHH,AMU821  ,3188,274,1344,4365,56,1
788,78041d,1714194010,RJBB,1714207787,VHHH,AMU855  ,2792,510,1190,4212,16,1
789,780428,1714211033,,1714211722,,CBG8970 ,0,0,0,0,0,0
790,78047f,1714200759,,1714209417,,CDG7946 ,0,0,0,0,0,0
791,7804d4,1714208370,,1714210123,,CBJ5707 ,0,0,0,0,0,0
792,780568,1714205879,ZGSZ,1714210526,,CSZ9457 ,4490,704,0,0,5,0
793,7805a1,1714201517,VTBS,1714206247,,CSC3712 ,3877,775,0,0,14,0
794,7805d6,1714205581,,1714206400,WMKK,CXA897  ,0,0,14237,3430,0,0
795,7805dc,1714159204,KORD,1714208166,RJDK,CKK228  ,2367,427,13192,10892,519,1
796,7805f6,1714209026,,1714209374,ZGGG,CSN3112 ,0,0,9369,2788,0,0
797,7805fa,1714202139,,1714205427,,CSN3835 ,0,0,0,0,0,0
798,78060b,1714205171,,1714206116,,CQH8838 ,0,0,0,0,0,0
799,780640,1714209134,,1714210163,,CUA5928 ,0,0,0,0,0,0
800,78064b,1714198189,,1714204382,VTBP,CCA717  ,0,0,23075,9750,0,0
801,78066f,1714207692,,1714208443,,CSN6405 ,0,0,0,0,0,0
802,780750,1714203892,ZGSZ,1714204450,ZGSZ,CSZ9125 ,3943,651,23752,6000,5,0
803,7807ad,1714208556,ZGSZ,1714209080,,CSZ9895 ,3948,697,0,0,5,0
804,7807bd,1714209299,ZGSZ,1714210056,,CSC6796 ,1875,354,0,0,5,0
805,7807c6,1714207708,,1714209697,,CSN5357 ,0,0,0,0,0,0
806,780825,1714203718,ZGSZ,1714204453,,CXA8406 ,10589,10694,0,0,0,0
807,780838,1714204183,,1714205277,,CSN8659 ,0,0,0,0,0,0
808,7808b3,1714207820,,1714208543,,CSZ8568 ,0,0,0,0,0,0
809,7808b7,1714209189,,1714211976,,CSC3931 ,0,0,0,0,0,0
810,78091c,1714205574,,1714206578,,CSN5859 ,0,0,0,0,0,0
811,7809d0,1714204909,ZGSZ,1714208200,,CHH7771 ,4233,666,0,0,5,0
812,7809d8,1714210268,ZGSZ,1714210925,,CSZ9425 ,3398,674,0,0,5,0
813,7809f8,1714211091,ZGSZ,1714211881,,CSN6479 ,3378,620,0,0,5,0
814,780a4e,1714204545,,1714210611,,CRK612  ,0,0,0,0,0,0
815,780a59,1714205037,,1714207002,WMKK,CPA725  ,0,0,13412,2958,0,0
816,780a6a,1714207680,,1714210808,,CRK562  ,0,0,0,0,0,0
817,780a89,1714206017,VHHH,1714209958,,CPA380  ,867,98,0,0,5,0
818,780aa6,1714207938,VHHH,1714211905,,CRK216  ,910,90,0,0,5,0
819,780aa7,1714201167,VHHH,1714205373,,CRK246  ,1164,98,0,0,5,0
820,780ac4,1714202433,VHHH,1714211773,,HKE688  ,752,98,0,0,5,0
821,780ad3,1714208109,,1714208907,,CDG2112 ,0,0,0,0,0,0
822,780ade,1714208820,ZGSZ,1714209555,,CSN5841 ,3290,651,0,0,5,0
823,780b23,1714203194,,1714207118,VHHH,CSZ9089 ,0,0,2091,4647,0,1
824,780ba5,1714198541,VTBS,1714206407,,CSN8356 ,4305,638,0,0,14,0
825,780bc7,1714179792,,1714206265,,CXA8032 ,0,0,0,0,0,0
826,780c0f,1714208709,,1714211923,,CHB6561 ,0,0,0,0,0,0
827,780c4a,1714210398,,1714210999,,QDA9792 ,0,0,0,0,0,0
828,780ca4,1714206767,VHHH,1714210805,,CES508  ,1257,98,0,0,5,0
829,780cc8,1714206411,,1714207273,,CHB6203 ,0,0,0,0,0,0
830,780d3e,1714208161,RCTP,1714211884,,CSN3098 ,1984,272,0,0,11,0
831,780d4a,1714200255,,1714204582,,AMU162  ,0,0,0,0,0,0
832,780dc1,1714205607,ZGSZ,1714206261,,CHH7475 ,4223,643,0,0,5,0
833,780e07,1714206858,,1714210426,,CSN3755 ,0,0,0,0,0,0
834,780e36,1714204621,,1714208705,VHHH,AMU109  ,0,0,1449,4365,0,1
835,780eb3,1714203962,,1714206352,,AMU136  ,0,0,0,0,0,0
836,780ec4,1714201158,RCTP,1714205855,VHHH,AMU627  ,1672,257,1422,4563,11,1
837,780f13,1714206036,,1714206785,,CSN6243 ,0,0,0,0,0,0
838,780f42,1714205300,RKSI,1714206084,,CES560  ,3178,465,0,0,56,0
839,780f65,1714203740,,1714204727,,CCA8481 ,0,0,0,0,0,0
840,780fb3,1714178936,,1714207670,,CCA8577 ,0,0,0,0,0,0
841,7810aa,1714208348,,1714209091,,YZR7532 ,0,0,0,0,0,0
842,78110b,1714208823,,1714210951,,CHH7360 ,0,0,0,0,0,0
843,78114a,1714210899,ZGSZ,1714211813,,CSN3209 ,478816,697,0,0,5,0
844,781231,1714205434,VTCC,1714209940,,CES206  ,1904,187,0,0,19,0
845,781297,1714190162,,1714206215,,CBJ5841 ,0,0,0,0,0,0
846,7812a4,1714120065,,1714206062,,CHH7985 ,0,0,0,0,0,0
847,7812ea,1714207882,,1714209867,,CHH7877 ,0,0,0,0,0,0
848,78139f,1714209557,ZGSZ,1714210078,,CHH7708 ,3882,651,0,0,5,0
849,7813b8,1714201113,,1714204942,,EPA6323 ,0,0,0,0,0,0
850,7813f9,1714179573,YMML,1714210994,ZGSZ,CSN322  ,465,132,19275,3897,87,0
851,78145b,1714207282,,1714207971,,CGN8341 ,0,0,0,0,0,0
852,78149e,1714196111,WSSS,1714207480,ZGSZ,CSN354  ,2029,199,21126,3706,19,1
853,781542,1714206190,,1714207105,,CES6446 ,0,0,0,0,0,0
854,781565,1714208098,ZGSZ,1714208813,,CSZ9411 ,4169,605,0,0,5,0
855,78161d,1714194012,,1714205363,WMKK,CSN8301 ,0,0,16852,3438,0,0
856,781690,1714210813,,1714211582,,CSN6141 ,0,0,0,0,0,0
857,7816af,1714208545,,1714208551,VMMC,,0,0,15790,4344,0,1
858,7817a0,1714208713,,1714209444,RK6D,CSC3703 ,0,0,23950,5128,0,0
859,7817bb,1714200682,ZGSZ,1714204462,,CSZ9525 ,4074,681,0,0,5,0
860,7818f3,1714202174,ZGSZ,1714205677,,CSN3557 ,3785,620,0,0,5,0
861,781917,1714205489,ZGSZ,1714209054,,CSN3563 ,3837,651,0,0,5,0
862,78192a,1714205791,,1714206569,,CXA8549 ,0,0,0,0,0,0
863,781948,1714206578,ZGSZ,1714206912,,CSN8797 ,4049,636,0,0,5,0
864,78198e,1714198470,,1714205058,,CSN6063 ,0,0,0,0,0,0
865,781b75,1714189808,,1714204843,WMKK,CDC8035 ,0,0,13996,3240,0,0
866,781bb6,1714188634,RJBB,1714211772,VHHH,CQH8590 ,146839,388,8506,10385,16,1
867,781c8b,1714208634,,1714209487,,CSC3311 ,0,0,0,0,0,0
868,781cd6,1714199549,,1714210124,,CSZ8794 ,0,0,0,0,0,0
869,781e51,1714208229,ZGSZ,1714211815,,CSZ9527 ,3915,681,0,0,5,0
870,781ead,1714203672,,1714204465,,CXA8509 ,0,0,0,0,0,0
871,781ee4,1714209637,,1714210550,,CES9010 ,0,0,0,0,0,0
872,781f28,1714204062,,1714205784,,GCR7529 ,0,0,0,0,0,0
873,781f39,1714207742,ZGSZ,1714211221,,CSZ9537 ,82478,712,0,0,5,0
874,781f4b,1714205849,,1714206676,,CXA8521 ,0,0,0,0,0,0
875,781ffd,1714205401,RKSI,1714208083,,CSN3062 ,3470,412,0,0,56,0
876,782004,1714195903,,1714206706,,CSN5730 ,0,0,0,0,0,0
877,782007,1714198684,WSSS,1714209184,,CSC9394 ,2107,366,0,0,19,0
878,78927c,1714206402,VHHH,1714210357,,CRK238  ,910,90,0,0,5,0
879,79a05e,1714203204,RKSI,1714206464,,CES892  ,3242,290,0,0,56,0
880,79a077,1714204293,,1714204934,,CES2819 ,0,0,0,0,0,0
881,79a078,1714206337,,1714206555,,CES2734 ,0,0,0,0,0,0
882,7bb13a,1714207095,,1714207944,,CXA8079 ,0,0,0,0,0,0
883,7c01c1,1714201760,YSSY,1714205468,YUPH,AM281   ,1637,97,56805,2399,31,10
884,7c2fdb,1714203892,YPPH,1714205866,,NWK1656 ,984,10,0,0,34,0
885,7c47a3,1714204787,YMML,1714209532,YMTP,JST035  ,1238,94,28871,9753,87,0
886,7c4a43,1714201700,YSSY,1714204784,,JST725  ,471,97,0,0,32,0
887,7c666a,1714206040,YMML,1714209476,,BNZ1079 ,440,109,0,0,87,0
888,7c66af,1714209240,YBMC,1714210855,,BNZ595  ,308,94,0,0,42,0
889,7c6b0c,1714207222,YBBN,1714209273,,JST906  ,943,34,0,0,46,0
890,7c6b2f,1714207787,YPPH,1714209938,,JST116  ,1058,5,0,0,34,0
891,7c6b31,1714195296,YSSY,1714204371,NZQN,JST223  ,170,44,13395,2858,32,2
892,7c6b39,1714209834,YMML,1714211775,YDPO,JST713  ,984,86,9604,10444,87,1
893,7c6c53,1714205651,YMML,1714207360,,VOZ1374 ,1408,56,0,0,87,0
894,7c6c92,1714209827,YBBN,1714211841,,JST888  ,899,18,0,0,46,0
895,7c6c96,1714208745,YMML,1714210846,,JST946  ,1074,71,0,0,87,0
896,7c6de7,1714204612,YMML,1714209211,YLOK,QFA045  ,1047,71,26866,9646,87,0
897,7c7a3f,1714204144,YBBN,1714206006,YMUA,VOZ793  ,907,41,24268,11582,46,0
898,7c7a6c,1714203526,YPJT,1714206386,YPJT,YGU     ,432,37,157,45,36,36
899,7c7aa6,1714205163,YBCG,1714207490,,VOZ083  ,2206,138,0,0,39,0
900,7c7aab,1714205201,YSSY,1714207960,,VOZ065  ,959,29,0,0,33,0
901,7c7ab2,1714203282,YMML,1714208183,,VOZ095  ,1380,48,0,0,87,0
902,7c7cd1,1714208288,YBBN,1714210285,,JST934  ,871,34,0,0,46,0
903,7c7cd2,1714208002,YMML,1714209553,,JST739  ,1010,40,0,0,87,0
904,7c80f8,1714205105,YSSY,1714208202,YHOT,RXA6783 ,549,82,132417,2351,32,0
905,7cac37,1714205651,YHLM,1714206643,YHLM,8AX     ,10448,2423,7701,2819,0,0
906,800396,1714208862,OMDB,1714209763,,AXB384  ,1086,42,0,0,21,0
907,8003b1,1714195761,OMDB,1714208060,,AXB612  ,898,26,0,0,21,0
908,8003f3,1714203163,,1714204235,OMAF,AXB375  ,0,0,20870,10972,0,0
909,8004d6,1714209630,VIDP,1714211391,,AIC636  ,3311,182,0,0,15,0
910,8004fb,1714207991,VOBL,1714209576,VOKP,BDA307  ,1621,167,21408,11064,10,0
911,80052d,1714203529,VIDP,1714205397,,AIC469  ,2843,159,0,0,15,0
912,80057c,1714206971,VI71,1714207502,,AIC3416 ,8941,4442,0,0,0,0
913,8005eb,1714173906,EGKK,1714209353,,AIC150  ,2461,426,0,0,108,0
914,800737,1714204203,OMDB,1714205155,,AIC910  ,971,26,0,0,21,0
915,8007ca,1714204949,VIDP,1714206839,,IGO2114 ,694,113,0,0,15,0
916,8007ce,1714204874,VOBL,1714206412,,IGO897  ,2877,243,0,0,10,0
917,8007df,1714204248,VECC,1714206024,VEKM,IGO6616 ,808,94,25808,6094,11,0
918,8008c2,1714196840,VOMM,1714205649,VIAM,IGO49J  ,1864,197,14927,2321,5,22
919,8008c2,1714209288,VIAM,1714211987,,IGO614  ,7855,3113,0,0,1,0
920,800b09,1714208241,VOBL,1714209645,,AXB1228 ,2973,281,0,0,10,0
921,800b0a,1714202625,VIDP,1714207756,VE44,IAD792  ,3171,136,25153,10549,15,0
922,800b13,1714203501,VIAM,1714206027,,IGO5222 ,26207,3273,0,0,0,0
923,800b62,1714204513,VIDP,1714209341,VNKT,AIC215  ,2998,136,30630,2471,15,8
924,800b81,1714205409,VIDP,1714207607,,SEJ495  ,877,197,0,0,15,0
925,800ba0,1714201889,VIDP,1714209059,,LLR647  ,3083,121,0,0,15,0
926,800bb5,1714206909,VECC,1714209004,,IGO275  ,648,101,0,0,11,0
927,800c0c,1714206429,VIDP,1714207940,,VTI691  ,3240,220,0,0,15,0
928,800c11,1714199592,VIDP,1714205266,,IGO2254 ,1102,151,0,0,15,0
929,800c15,1714200703,VOMM,1714207679,,IGO6518 ,1344,220,0,0,5,0
930,800c38,1714209415,VOMM,1714210976,,IGO881  ,1959,243,0,0,5,0
931,800c65,1714210498,,1714211239,VIPL,IGO7517 ,0,0,29045,3453,0,1
932,800c85,1714206231,,1714207533,VIAM,AIC457  ,0,0,21132,2809,0,4
933,800c8f,1714205946,VIDP,1714207552,,VTI979  ,3015,167,0,0,15,0
934,800c9b,1714204650,,1714206970,,IGO7141 ,0,0,0,0,0,0
935,800cb8,1714206988,VIDP,1714209590,,IAD741  ,2653,151,0,0,15,0
936,800cbe,1714205600,VOMM,1714207757,,IGO58N  ,666,189,0,0,5,0
937,800cc2,1714202884,VOMM,1714204895,,IGO7605 ,524,174,0,0,5,0
938,800cd5,1714205513,,1714206591,,AXB473  ,0,0,0,0,0,0
939,800cd6,1714205823,VOMM,1714207379,,AXB1783 ,1260,189,0,0,5,0
940,800ce0,1714206927,VOBL,1714208788,,IGO7496 ,1779,198,0,0,10,0
941,800ce1,1714206788,VOBL,1714208735,,IGO7445 ,2853,251,0,0,10,0
942,800cfa,1714203331,,1714204203,VERC,IGO7964 ,0,0,178915,2218,0,0
943,800cff,1714207786,VOMM,1714209416,,AIC429  ,1999,258,0,0,5,0
944,800d13,1714200934,VOBL,1714208323,VEPU,SEJ8895 ,2929,259,8823,6475,10,0
945,800d14,1714201966,,1714204938,,SEJ945  ,0,0,0,0,0,0
946,800d1b,1714207944,VIDP,1714209404,,SEJ211  ,1729,174,0,0,15,0
947,800d2d,1714202436,VECC,1714204311,,IGO751  ,447,86,0,0,11,0
948,800d33,1714207320,VOMM,1714209927,,IGO973  ,1896,189,0,0,5,0
949,800d34,1714201910,VECC,1714204223,,IGO6749 ,834,86,0,0,11,0
950,800d42,1714203725,,1714206602,,SEJ2701 ,0,0,0,0,0,0
951,800d4f,1714205253,VIDP,1714207218,,IGO6601 ,1176,144,0,0,15,0
952,800d87,1714209441,VOBL,1714211034,,IGO516  ,2882,259,0,0,10,0
953,800dac,1714204332,VOBL,1714205915,,IGO6653 ,2988,274,0,0,10,0
954,800db7,1714206711,VOMM,1714210238,,IGO7125 ,255,212,0,0,5,0
955,8013af,1714197661,VOBL,1714205046,VEPU,IAD1537 ,3216,205,24040,5858,10,0
956,8013b1,1714205302,VIDP,1714207464,VIRB,VTI673  ,2803,113,13203,10413,15,0
957,8013bd,1714208664,VOBL,1714210305,,IAD942  ,2144,91,0,0,10,0
958,8013c8,1714203872,OMDB,1714205392,,IGO1468 ,1311,42,0,0,21,0
959,8013cf,1714205445,,1714206595,,IGO6871 ,0,0,0,0,0,0
960,8013e4,1714203874,VOBL,1714205648,,IGO7003 ,1747,152,0,0,10,0
961,8013f3,1714207340,VOBL,1714209042,VOKP,IGO43H  ,2716,228,22586,9913,10,0
962,801405,1714204518,VOBL,1714207694,,IGO1127 ,2726,190,0,0,10,0
963,801408,1714196553,VIDP,1714207118,,VTI273  ,2963,136,0,0,15,0
964,801409,1714201311,VOBL,1714209816,VI71,VTI657  ,2638,281,62741,2346,10,4
965,80140c,1714203386,VIDP,1714205886,VIPK,IGO2044 ,3177,128,18222,8917,15,0
966,801415,1714208309,VOBL,1714210070,VOSM,IGO60N  ,1432,167,29541,4569,10,0
967,80142a,1714209187,,1714210918,VOCB,IGO2528 ,0,0,17204,9014,0,1
968,801431,1714198121,,1714210594,VISM,IGO6552 ,0,0,70254,1532,0,3
969,801432,1714205353,,1714207516,,IGO279  ,0,0,0,0,0,0
970,801439,1714199401,VIDP,1714207939,,VTI533  ,3142,121,0,0,15,0
971,80143a,1714189448,VIDP,1714209858,,VTI131  ,3412,197,0,0,15,0
972,801442,1714204601,VOBL,1714206150,VOKP,IGO24Y  ,2229,114,19937,10965,10,0
973,801445,1714209505,VIDP,1714211225,,IGO256H ,3333,212,0,0,15,0
974,801460,1714209342,,1714209557,,IGO316  ,0,0,0,0,0,0
975,80146e,1714208003,VOMM,1714210011,,IGO7348 ,1976,212,0,0,5,0
976,80148f,1714200404,VIDP,1714206038,,IGO5927 ,3061,136,0,0,15,0
977,801493,1714197236,VOBL,1714204972,,VTI755  ,2455,297,0,0,10,0
978,801499,1714204155,VOBL,1714205464,,IGO703  ,2921,274,0,0,10,0
979,8014c1,1714204165,,1714204447,VEKR,IGO524  ,0,0,26121,6986,0,1
980,8014dc,1714207027,VIDP,1714208988,,IGO154  ,931,136,0,0,15,0
981,8014e9,1714207572,VIDP,1714209321,,LLR637  ,3045,212,0,0,15,0
982,8014f3,1714205208,VIDP,1714207379,VIRB,VTI753  ,3113,189,2093,11152,15,0
983,8014fe,1714188103,VIDP,1714207215,,AKJ1719 ,2088,167,0,0,15,0
984,801536,1714198986,OMDB,1714207711,,IGO1482 ,1228,34,0,0,21,0
985,80153e,1714206583,,1714208065,,IGO64E  ,0,0,0,0,0,0
986,801540,1714173175,,1714205215,,IGO088  ,0,0,0,0,0,0
987,80154d,1714203593,VOBL,1714205035,VOKP,IGO70K  ,2692,205,22332,10462,10,0
988,80156a,1714206601,VECC,1714208933,,IGO36V  ,424,94,0,0,11,0
989,80157a,1714209102,VECC,1714211572,VEJH,AKJ1173 ,518,94,28893,11353,11,0
990,801580,1714203205,VOTP,1714205296,,SDG203  ,5502,1005,0,0,8,0
991,80158b,1714207947,,1714209044,,VTI517  ,0,0,0,0,0,0
992,801595,1714198295,VIDP,1714206901,,AIC831  ,3135,113,0,0,15,0
993,801596,1714207414,VIDP,1714209669,,IGO2087 ,1034,182,0,0,15,0
994,80159b,1714205146,,1714206738,,SDG222  ,0,0,0,0,0,0
995,8015ab,1714211392,,1714211517,,AKJ1324 ,0,0,0,0,0,0
996,8015bc,1714200022,VOMM,1714206135,VEBA,IGO67Y  ,1029,182,14047,21546,5,1
997,8015c2,1714204394,VIAR,1714204517,,IGO6288 ,51225,2025,0,0,5,0
998,8015c9,1714203971,VOMM,1714206373,,IGO33L  ,1442,189,0,0,5,0
999,8015ca,1714206318,VIDP,1714208890,,IGO2747 ,594,113,0,0,15,0
1000,8015ce,1714206771,VECC,1714208667,VEKM,IGO2513 ,870,94,15614,5667,11,1
1001,8015d1,1714192213,VEBS,1714205750,VIDN,IGO7927 ,17215,1032,21141,2086,2,13
1002,8015d8,1714208210,VECC,1714210097,,IGO6917 ,110,94,0,0,11,0
1003,8015d9,1714198446,VECC,1714205250,,IGO715  ,1473,10967,0,0,0,0
1004,8015da,1714208403,VECC,1714210598,,IGO6103 ,946,94,0,0,11,0
1005,8015e4,1714199793,VOMM,1714205427,,IGO539  ,708,159,0,0,5,0
1006,8015e5,1714209534,VOBL,1714211206,,IGO21LN ,2849,236,0,0,10,0
1007,8015ef,1714197561,VECC,1714206485,,AXB1123 ,1750,4262,0,0,0,0
1008,8015f3,1714207546,,1714210879,,IGO6911 ,0,0,0,0,0,0
1009,8015f7,1714209892,VOBL,1714211385,,AIC591  ,2392,342,0,0,10,0
1010,801602,1714204761,VIDP,1714206381,,VTI627  ,2807,174,0,0,15,0
1011,801603,1714204739,,1714206203,,VTI521  ,0,0,0,0,0,0
1012,801604,1714208080,VIDP,1714209706,,AXB769  ,2715,167,0,0,15,0
1013,80160b,1714196013,VOBL,1714206531,VEGY,IGO537  ,2829,205,11412,9835,10,0
1014,80161a,1714209685,OMDB,1714210678,,IGO1508 ,1145,49,0,0,21,0
1015,80162a,1714207876,VOMM,1714210120,,IGO92H  ,1423,197,0,0,5,0
1016,80162f,1714203475,VOBL,1714205015,,VTI881  ,2377,358,0,0,10,0
1017,801631,1714209017,VOMM,1714211379,VOTR,IGO7179 ,1371,197,21162,4789,5,0
1018,80163d,1714203060,VIDP,1714204543,,IGO5396 ,3141,205,0,0,15,0
1019,801645,1714205865,VIDP,1714207973,,AIC407  ,3064,167,0,0,15,0
1020,801648,1714207718,VIDP,1714209367,,IGO2089 ,567,136,0,0,15,0
1021,80164b,1714207852,VIDP,1714210220,,IGO2701 ,425,113,0,0,15,0
1022,80165c,1714204736,OMSJ,1714205785,,AXB184  ,1428,42,0,0,22,0
1023,80165d,1714208575,VOBL,1714210339,,AXB1427 ,2512,335,0,0,10,0
1024,80165e,1714202118,VECC,1714205363,,AXB1756 ,863,78,0,0,11,0
1025,801672,1714210268,VIDP,1714211912,VIPL,VTI706  ,634,136,24225,3476,15,1
1026,8404f3,1714206188,RJFF,1714206552,RJDM,AHX106  ,2002,218,9786,2621,22,3
1027,840944,1714205042,RJAA,1714209735,,JJP629  ,1691,208,0,0,17,0
1028,840caf,1714203429,RJAA,1714208950,RJDK,SJO101  ,1317,178,13887,9673,16,1
1029,845b9c,1714208757,RJNA,1714211914,,FDA327  ,950,14,0,0,14,0
1030,845bde,1714208038,RJFF,1714210010,,JL3555  ,3177,439,0,0,22,0
1031,845be4,1714205707,RJBB,1714208054,,JJP357  ,73047,159,0,0,16,0
1032,845c8c,1714202365,RJOA,1714205790,,IBX42   ,2944,430,0,0,17,0
1033,845c8d,1714207361,RJFF,1714207965,RJFT,JTA63   ,1801,241,22951,8247,22,0
1034,845daa,1714201536,RJTT,1714204492,RJOR,ANA385  ,3073,492,5664,3066,20,0
1035,845dee,1714206846,RJFF,1714207323,RJFT,ANA1213 ,1570,173,18440,5069,22,0
1036,845ebc,1714203032,RJTT,1714206058,,ADO73   ,2531,446,0,0,20,0
1037,845f30,1714204411,RJNA,1714206243,,FDA417  ,1109,22,0,0,14,0
1038,845f5a,1714206039,RJCO,1714208862,RJSR,JAL2825 ,1652,274,6935,3720,10,0
1039,846078,1714202741,RJAA,1714206817,,APJ507  ,1627,178,0,0,16,0
1040,846250,1714207687,RJCC,1714209174,,ADO110  ,3663,714,0,0,10,0
1041,8462c4,1714204294,RJBE,1714206176,RJAF,FDA236  ,1022,23,5485,3312,16,0
1042,8463b4,1714205589,RJGG,1714208145,,IBX65   ,2889,566,0,0,15,0
1043,846748,1714207674,RJFF,1714211192,,IBX87   ,1569,249,0,0,22,0
1044,846866,1714204326,RJTT,1714206876,RJBT,ANA297  ,2663,377,11698,2542,20,1
1045,8469ec,1714210048,RJNA,1714211462,,FDA377  ,648,14,0,0,14,0
1046,846a16,1714204199,RJCO,1714205243,,JAL2869 ,1458,297,0,0,10,0
1047,846b6c,1714204520,RJTT,1714207683,,JAL921  ,4148,210,0,0,19,0
1048,846d0c,1714204930,RJTT,1714206604,,ADO79   ,2536,385,0,0,20,0
1049,84b772,1714202908,RJTT,1714204327,,ANA397  ,2078,400,0,0,20,0
1050,84b794,1714209879,RJTT,1714211336,,ANA407  ,2684,446,0,0,20,0
1051,84b7a1,1714205972,RJFF,1714206625,RJFT,APJ289  ,904,180,27870,8605,22,0
1052,84b7b6,1714203914,RJTT,1714205350,RJSC,ANA723  ,2298,431,25391,7512,20,0
1053,84b7fa,1714196985,,1714204293,,ANA1751 ,0,0,0,0,0,0
1054,84b81c,1714207345,RJTT,1714209716,,ANA285  ,4164,225,0,0,19,0
1055,84b860,1714208333,RJBB,1714211065,,ANA975  ,149672,517,0,0,16,0
1056,84bac2,1714202553,RJTT,1714205952,RJOC,ANA727  ,2846,446,18221,6952,20,1
1057,84c7d2,1714206729,RJTT,1714210945,RJOF,SFJ85   ,4018,217,10196,2977,19,0
1058,84ceef,1714201627,RJAA,1714205503,,JJP331  ,1572,147,0,0,16,0
1059,84d28e,1714199999,RJTT,1714204459,RJOF,SFJ83   ,4101,286,9802,3160,19,0
1060,850e58,1714207313,RJTT,1714208505,,JAL159  ,3034,400,0,0,20,0
1061,851492,1714205270,RJTT,1714209434,,JAL295  ,4110,225,0,0,19,0
1062,8514f8,1714208741,RJTT,1714211854,,JAL569  ,2762,400,0,0,20,0
1063,85188c,1714206399,RJTT,1714209064,,JAL497  ,4737,446,0,0,19,0
1064,8518ae,1714201346,RJTT,1714204338,,JAL997  ,6556,591,0,0,19,0
1065,8518d0,1714207831,RJTT,1714210793,,JAL545  ,2725,332,0,0,20,0
1066,851bfe,1714203814,RJTT,1714207889,,JAL695  ,4236,240,0,0,19,0
1067,851c86,1714205962,RJTT,1714210025,RJOI,JAL669  ,5965,477,26445,3365,19,0
1068,851ca8,1714204046,RJTT,1714206352,,JAL219  ,4166,210,0,0,19,0
1069,851cec,1714207402,RJTT,1714210328,,JAL579  ,2694,316,0,0,20,0
1070,85c5dc,1714204724,RJTT,1714206129,RJNT,ANA319  ,2722,377,28395,4344,20,0
1071,861ae4,1714205863,RJTT,1714209167,,JAL923  ,4147,271,0,0,19,0
1072,861b28,1714204619,RJTT,1714207289,,JAL651  ,4124,301,0,0,19,0
1073,861bb0,1714185976,RJAA,1714207056,WBMU,JAL725  ,2073,162,24606,10948,17,1
1074,861bca,1714200464,RJTT,1714204866,RJDC,ANA697  ,6281,751,989,2507,19,12
1075,861bec,1714205254,RJOO,1714207801,,ANA737  ,1260,342,0,0,16,0
1076,861e70,1714202919,RJTT,1714205849,,ANA567  ,4155,278,0,0,19,0
1077,861eb4,1714206400,RJTT,1714210123,RJEC,ADO87   ,3215,690,51017,2393,20,2
1078,861ef8,1714201999,RJTT,1714205725,RJOI,ANA797  ,3991,286,24650,3343,19,0
1079,861f5e,1714203919,RJTT,1714208332,,ANA455  ,6396,629,0,0,19,0
1080,861fa4,1714199132,RJTT,1714204338,RJFS,ANA1083 ,2708,347,20900,3274,20,1
1081,862db6,1714207054,RJTT,1714209879,,JAL285  ,3196,461,0,0,20,0
1082,862dd8,1714203251,RJTT,1714205532,,JAL461  ,4149,256,0,0,19,0
1083,863188,1714207730,RJGG,1714210694,,ANA335  ,4490,536,0,0,15,0
1084,86796c,1714208468,RJGG,1714211902,RJFS,ANA373  ,4216,505,20061,3198,15,1
1085,868088,1714207246,RJBE,1714210136,,SKY156  ,617,92,0,0,16,0
1086,8681aa,1714207011,RJFF,1714207604,RJFT,SKY509  ,1318,142,22297,7675,22,0
1087,8681b3,1714209343,RJBE,1714211362,,SKY597  ,1556,206,0,0,16,0
1088,8681b6,1714206213,RJTT,1714209152,,SKY521  ,4126,202,0,0,19,0
1089,8681be,1714200376,RJTT,1714205012,,SKY307  ,5687,614,0,0,19,0
1090,8686aa,1714205346,RJTT,1714208213,,ANA1095 ,4109,217,0,0,19,0
1091,86cf09,1714205172,RJTT,1714209721,,SNJ17   ,4138,217,0,0,19,0
1092,86cf38,1714205627,RJTT,1714208398,,ANA1097 ,4314,217,0,0,19,0
1093,86cf4d,1714207851,RJTT,1714211736,RJOI,SNJ97   ,6178,537,23965,3442,19,0
1094,86cf91,1714199652,RJTT,1714204307,,SNJ77   ,5753,576,0,0,19,0
1095,86d259,1714206288,RJBE,1714208537,,SNJ129  ,933,84,0,0,16,0
1096,86d334,1714209700,RJFF,1714210271,RJFT,ANA1215 ,1944,272,22727,8308,22,0
1097,86d5a1,1714205111,RJCC,1714211646,RJOS,APJ112  ,6238,706,7785,2544,10,5
1098,86d5e5,1714210072,,1714210087,,APJ198  ,0,0,0,0,0,0
1099,86d61c,1714205532,RJTT,1714209861,,ANA627  ,5197,393,0,0,19,0
1100,86da5c,1714204530,RJOO,1714207033,,ANA527  ,1032,121,0,0,16,0
1101,872885,1714202042,RJBB,1714204841,RJFS,APJ175  ,182418,693,20056,3221,16,1
1102,87339a,1714205377,RJTT,1714210070,RJFS,ANA667W ,2700,377,19972,3251,20,1
1103,880443,1714206821,VTBD,1714207527,,AIQ3306 ,2018,347,0,0,15,0
1104,880444,1714206925,VTBD,1714208343,,AIQ3548 ,2045,370,0,0,15,0
1105,88044a,1714207473,VTCC,1714211311,,AIQ3162 ,1536,179,0,0,19,0
1106,88044e,1714202789,VTBD,1714204425,VTUQ,AIQ3260 ,4868,782,25342,6876,15,0
1107,880450,1714209742,VTBD,1714211800,VTSE,AIQ3331 ,1876,355,22276,9748,15,0
1108,880452,1714208573,VTBD,1714210510,VTUJ,AIQ638  ,1925,317,23193,11131,15,0
1109,880453,1714207553,VTBD,1714209597,,AIQ3396 ,2720,385,0,0,15,0
1110,880455,1714204206,VTCC,1714204754,VTCL,AIQ5500 ,1196,149,24670,5422,19,0
1111,880457,1714208030,VTBD,1714210212,,AIQ3114 ,2609,355,0,0,15,0
1112,880458,1714202915,VTBD,1714205170,,AIQ3108 ,1961,294,0,0,15,0
1113,880459,1714204604,VTBD,1714206289,,AIQ3007 ,1829,286,0,0,15,0
1114,88084c,1714204446,VTBS,1714206616,,AIQ4402 ,4281,630,0,0,14,0
1115,880851,1714207129,VTBD,1714209347,,AIQ321  ,2235,340,0,0,15,0
1116,880c41,1714195823,WSSS,1714210356,,AIQ3602 ,1712,153,0,0,19,0
1117,880c43,1714209080,VTBD,1714210802,,AIQ606  ,1915,340,0,0,15,0
1118,880c48,1714207233,VTBD,1714209466,,AIQ3017 ,2316,393,0,0,15,0
1119,880c49,1714202453,VTBD,1714204732,,AIQ3023 ,1949,294,0,0,15,0
1120,880c4b,1714209584,VTBD,1714210309,,AIQ253  ,1887,347,0,0,15,0
1121,880c4c,1714203691,VTBD,1714205712,VTSE,AIQ3231 ,1511,256,25801,9710,15,0
1122,881054,1714204012,VTBD,1714206171,,NOK574  ,1783,294,0,0,15,0
1123,881057,1714210209,VTBD,1714210751,,NOK196  ,2904,302,0,0,15,0
1124,881058,1714207436,VTBD,1714208926,VTBP,NOK526  ,1291,202,10159,10969,15,0
1125,8815b4,1714203845,VTBD,1714205817,VTBO,HSEMT   ,1279,302,12404,11245,15,0
1126,8830ec,1714206601,VTBD,1714208736,,TLM812  ,2741,484,0,0,15,0
1127,8830ed,1714200430,VTBD,1714206401,,TLM960  ,2369,294,0,0,15,0
1128,8830f1,1714208979,VTBD,1714210507,,TLM768  ,2605,378,0,0,15,0
1129,883294,1714205207,VTBD,1714206608,,TLM628  ,2791,332,0,0,15,0
1130,8832a8,1714203468,VTBD,1714204933,VTBP,TLM740  ,2773,446,26555,10360,15,0
1131,8832aa,1714206738,VTBD,1714207781,,TLM714  ,2947,446,0,0,15,0
1132,8832ba,1714205777,VTBD,1714208042,,TLM826  ,1970,324,0,0,15,0
1133,884202,1714209786,VTBS,1714210613,,BKP167  ,2356,478,0,0,14,0
1134,884203,1714204453,VTCC,1714208936,,BKP248  ,1816,225,0,0,19,0
1135,884213,1714204568,VTBS,1714205489,,BKP147  ,4723,707,0,0,14,0
1136,884342,1714208968,VTBS,1714211236,,BKP213  ,5552,524,0,0,14,0
1137,884346,1714203271,VTBD,1714205554,,BKP453  ,1754,355,0,0,15,0
1138,884364,1714210176,VTBS,1714211778,,BKP307  ,5915,577,0,0,15,0
1139,885302,1714204939,VTBS,1714207029,,THA283  ,3665,577,0,0,14,0
1140,885306,1714209258,VTBS,1714210899,VTUJ,THA028  ,3537,691,22090,8975,14,0
1141,885307,1714203341,VTBS,1714204977,VTUQ,THA044  ,4040,737,29977,6015,14,0
1142,88596a,1714206037,VTBS,1714207530,,TVJ224  ,4059,669,0,0,14,0
1143,88596c,1714206722,VTBS,1714208152,VTBP,TVJ306  ,4696,592,18088,8759,14,0
1144,88596d,1714207547,VTBS,1714209289,,TVJ202  ,4209,600,0,0,14,0
1145,88596f,1714203124,VTBS,1714209029,,TVJ3698 ,5057,669,0,0,14,0
1146,885974,1714208826,VTBS,1714210590,,TVJ962  ,2999,470,0,0,14,0
1147,886289,1714190058,VTBS,1714205623,,TAX610  ,4969,600,0,0,14,0
1148,88803f,1714205781,ZGNN,1714207439,VVNS,VJC7581 ,1275309,9038,187788,2344,0,0
1149,888040,1714208486,VVGL,1714209813,,VJC781  ,17130,1409,0,0,6,0
1150,888041,1714210370,VVGL,1714211712,,VJC143  ,17059,1158,0,0,6,0
1151,88808c,1714210064,VVNB,1714211514,,HVN181  ,13263,1123,0,0,6,0
1152,888097,1714206884,VVGL,1714208166,,VJC513  ,17080,1501,0,0,6,0
1153,888098,1714207239,VVGL,1714209137,,HVN837  ,16941,1348,0,0,6,0
1154,8880af,1714206462,VVGL,1714207917,,VJC459  ,9270,2766,0,0,0,0
1155,8880b3,1714203434,VTBS,1714204440,,HVN604  ,4599,676,0,0,14,0
1156,8880c6,1714205813,VVGL,1714207275,,HVN177  ,16892,1463,0,0,6,0
1157,8880ca,1714206122,,1714207093,,HVN1277 ,0,0,0,0,0,0
1158,8880cd,1714208328,VVCI,1714209540,,VJC275  ,544,242,0,0,5,0
1159,8880d5,1714203151,,1714205788,WMAU,HVN630  ,0,0,8064,10969,0,0
1160,8880f8,1714205532,VVGL,1714206835,,HVN7195 ,14253,1569,0,0,6,0
1161,888126,1714209845,VVGL,1714211289,,VJC145  ,16977,1455,0,0,6,0
1162,888133,1714210425,,1714211315,,VJC5380 ,0,0,0,0,0,0
1163,888135,1714208641,,1714209950,,VJC245  ,0,0,0,0,0,0
1164,88813c,1714205147,VVGL,1714206485,,VJC171  ,17144,1264,0,0,6,0
1165,88813e,1714207249,VVCI,1714208859,,VJC731  ,376,211,0,0,5,0
1166,888156,1714206597,VVVH,1714207186,,VJC741  ,13837,1082,0,0,3,0
1167,888170,1714210009,ZGSZ,1714210107,VHHH,HVN523  ,640490,10389,12807,10385,0,2
1168,888171,1714209135,VHHH,1714209938,,VJC985  ,1274,90,0,0,5,0
1169,888187,1714208289,VVGL,1714209653,,HVN1563 ,12743,1455,0,0,6,0
1170,888188,1714208709,VVGL,1714210068,,HVN249  ,16429,1455,0,0,6,0
1171,88818e,1714204522,,1714206517,VLSN,HVN248  ,0,0,146125,2238,0,0
1172,8881a1,1714203640,VVNB,1714205204,,BAV1213 ,16611,1573,0,0,6,0
1173,8881ab,1714187821,YPPH,1714205755,,VJC80   ,337,35,0,0,34,0
1174,8881db,1714177870,YSSY,1714204448,,VJC86   ,909,113,0,0,32,0
1175,8881dc,1714205111,,1714207021,VVNS,VJC136  ,0,0,133046,2100,0,1
1176,890030,1714204527,HECA,1714205795,,IYE607  ,45539,698,0,0,27,0
1177,89405a,1714176070,VOBL,1714211549,OLBA,GFA283  ,2729,312,370,8020,10,0
1178,89407a,1714190871,,1714204721,,GFA061  ,0,0,0,0,0,0
1179,89409c,1714201807,,1714211000,,GFA081  ,0,0,0,0,0,0
1180,89409e,1714199763,,1714210806,,GFA014  ,0,0,0,0,0,0
1181,8940a5,1714197152,OPLA,1714207970,OMDM,DHX548  ,877,57,25754,10312,24,2
1182,8940cd,1714204122,OEPF,1714204218,OERK,GFA163  ,199137,1972,18058,2118,0,9
1183,895058,1714196321,,1714204757,,RBA624  ,0,0,0,0,0,0
1184,89610b,1714209537,,1714210078,OLBA,UAE958  ,0,0,9151,11251,0,0
1185,896179,1714209184,OMDB,1714210129,,UAE502  ,1312,49,0,0,21,0
1186,89625c,1714200370,,1714204387,OEPK,ETD3LD  ,0,0,22626,10058,0,0
1187,8962d0,1714208834,OMSJ,1714209699,,ABY217  ,1435,57,0,0,22,0
1188,896366,1714208804,OMRK,1714210048,,ABY864  ,3222,388,0,0,22,0
1189,896372,1714209588,OMSJ,1714211081,,ABY442  ,1350,57,0,0,22,0
1190,89637d,1714196068,,1714211963,,ETD2NG  ,0,0,0,0,0,0
1191,896382,1714206949,OMSJ,1714207311,OMDM,ABY175  ,1528,49,48740,2494,22,4
1192,89638d,1714209984,OMSJ,1714211092,OOSH,ABY426  ,1299,57,16535,8513,22,0
1193,8963a1,1714189477,,1714211547,EGBB,UAE9940 ,0,0,1199,33123,0,2
1194,8963fc,1714208448,,1714208752,,,0,0,0,0,0,0
1195,896413,1714192512,OMSJ,1714205810,,ABY508  ,1339,42,0,0,22,0
1196,89642d,1714206718,,1714208159,,ABY366  ,0,0,0,0,0,0
1197,89643d,1714197081,OMAA,1714209956,,ETD390  ,9588,1916,0,0,22,0
1198,896483,1714203721,OMDB,1714204726,OMAL,UAE7X   ,1003,34,7613,6928,21,1
1199,89648f,1714207680,OMDB,1714208710,,FDB3YX  ,894,34,0,0,21,0
1200,8964d0,1714208006,OMDB,1714209051,OIKQ,FDB1937 ,939,34,1878,10379,21,0
1201,89656c,1714190723,OMDB,1714210235,,FDB94T  ,985,34,0,0,21,0
1202,89659f,1714205524,,1714206266,,WAZ106J ,0,0,0,0,0,0
1203,8965b2,1714203963,OMDB,1714204884,,FDB273  ,928,34,0,0,21,0
1204,8965c4,1714204470,OMDB,1714205240,OMAA,FDB921  ,1060,34,10892,7265,21,2
1205,8965d7,1714206684,OMDB,1714207523,OMAA,FDB803  ,965,34,3437,8637,21,2
1206,8965e7,1714204785,OMUQ,1714206459,OMUQ,A6BST   ,15852,106,15498,7818,23,2
1207,896601,1714195192,OMSJ,1714207286,,ABY950  ,1304,49,0,0,22,0
1208,896604,1714209521,,1714211589,,FDB9CA  ,0,0,0,0,0,0
1209,896609,1714206577,OMDB,1714207813,OIKP,FDB1945 ,1032,34,21887,8520,21,0
1210,89662e,1714195723,OMAA,1714206325,,ADY183  ,12553,1626,0,0,21,0
1211,89666a,1714209754,OMSJ,1714210717,OIKQ,ABY303  ,1473,57,7880,8878,22,0
1212,89901e,1714207323,RCTP,1714208082,,CAL503  ,1216,333,0,0,11,0
1213,899046,1714209779,RCTP,1714210555,,CAL517  ,2065,302,0,0,11,0
1214,89904f,1714204526,RCSS,1714206235,RCQC,UIA9207 ,1636,253,22309,5759,10,0
1215,899058,1714203502,RCTP,1714205939,,TTW557  ,1702,249,0,0,11,0
1216,899059,1714209130,RCTP,1714211089,,TTW551  ,2223,333,0,0,11,0
1217,89906e,1714209866,RCMQ,1714210638,RCQC,UIA9211 ,103357,879,11201,4845,19,0
1218,8990b2,1714208124,,1714211714,VHHH,EVA833  ,0,0,17157,4304,0,1
1219,8990b4,1714210080,RCSS,1714211163,RCLG,UIA9119 ,2153,436,14262,3682,10,1
1220,8990b5,1714207215,RCTP,1714208477,,EVA186  ,1961,295,0,0,11,0
1221,8990ce,1714208400,RCTP,1714209340,,EVA722  ,1802,249,0,0,11,0
1222,899106,1714200453,RCTP,1714204679,,CAL5997 ,2666,325,0,0,11,0
1223,899108,1714201606,RCTP,1714207887,,CAL178  ,3002,386,0,0,11,0
1224,899132,1714208698,RCSS,1714209330,,UIA8727 ,1140,268,0,0,10,0
1225,899138,1714210656,RCAY,1714211507,RCQC,UIA8927 ,12678,2588,7008,2765,0,1
1226,899144,1714205949,RCNN,1714206914,RCQC,UIA8991 ,3219,651,17475,3367,16,1
1227,899149,1714204990,RCSS,1714206560,RCMQ,MDA377  ,1144,261,24959,2899,10,1
1228,89914c,1714209878,RCAY,1714210544,RCQC,MDA309  ,13022,2740,20509,2765,0,1
1229,8991bc,1714200684,RCTP,1714206217,,CAL172  ,2762,341,0,0,11,0
1230,8991db,1714202213,RCTP,1714204553,RCKW,SJX713  ,2375,310,4318,10455,11,0
1231,8a01cb,1714202413,WIDD,1714204934,WIML,LNI973  ,14648,1874,27999,6653,17,0
1232,8a0243,1714203355,WIPQ,1714205595,,GIA118  ,8632,9697,0,0,0,0
1233,8a040b,1714205950,,1714209078,WIME,GIA142  ,0,0,21139,10082,0,0
1234,8a04a5,1714207462,WMKK,1714210732,,CTV503  ,33944,1083,0,0,23,0
1235,8a04ae,1714200976,,1714204806,,BTK7160 ,0,0,0,0,0,0
1236,8a0515,1714203250,,1714205232,,BTK7063 ,0,0,0,0,0,0
1237,8a0578,1714189766,,1714204657,,LNI116  ,0,0,0,0,0,0
1238,8a0579,1714207879,,1714208759,VOTV,GIA980  ,0,0,25980,9749,0,0
1239,8a05ae,1714187463,RKSI,1714204869,WRLB,GIA871  ,15569,1120,25139,10008,52,1
1240,8a060d,1714204168,WIDD,1714206930,,CTV922  ,6062,609,0,0,17,0
1241,8a061c,1714202430,,1714205620,,CTV9884 ,0,0,0,0,0,0
1242,8a07d3,1714204984,WSSS,1714207832,,GIA833  ,2174,275,0,0,19,0
1243,8a0824,1714203048,,1714204899,,BTK6854 ,0,0,0,0,0,0
1244,8a082c,1714201968,,1714206048,,LNI205  ,0,0,0,0,0,0
1245,8a08b8,1714205916,,1714207573,,SJV810  ,0,0,0,0,0,0
1246,8a08c7,1714202782,,1714205461,WMKK,SJV186  ,0,0,23871,3126,0,0
1247,8a08d7,1714202176,,1714204894,,SJV865  ,0,0,0,0,0,0
1248,8a08df,1714203238,,1714206020,,SJV903  ,0,0,0,0,0,0
1249,8a0919,1714206215,,1714208422,,SJV866  ,0,0,0,0,0,0
1250,8a093f,1714203554,,1714207451,WMAJ,BTK7171 ,0,0,23350,8455,0,1
1251,8a094c,1714205504,,1714206845,,SJV900  ,0,0,0,0,0,0
1252,8a0969,1714203821,WIDD,1714205993,,LNI229  ,6402,578,0,0,17,0
1253,8a0973,1714204437,,1714207287,WIDE,SJV942  ,0,0,17993,10301,0,0
1254,8a0978,1714208422,,1714211681,,PKOSB   ,0,0,0,0,0,0
1255,8a097c,1714205271,WIDD,1714207179,,LNI371  ,6232,601,0,0,17,0
1256,8a097d,1714204167,,1714207563,,LNI964  ,0,0,0,0,0,0
1257,a01b80,1714201560,RJBB,1714204450,RJDK,FDX5192 ,3908,487,9320,9071,16,1
1258,a06bb6,1714203529,KAST,1714208374,KSPB,N126TS  ,2364,1709,8012,2695,200,62
1259,a0b713,1714208344,KSDF,1714211460,9GA5,UPS702  ,1974,319,10154,4053,373,2
1260,a0ce68,1714210054,1MS6,1714211719,K2R0,FDX1526 ,6587,3631,19780,3508,2,0
1261,a1b18b,1714203535,EGNV,1714204252,EGNV,N208UP  ,28933,268,28966,5320,43,0
1262,a20df0,1714194913,KTUS,1714205085,KPAE,N231TR  ,1354,360,6586,226,103,158
1263,a27f09,1714205141,EDMA,1714208721,LILQ,N260AM  ,689,94,23424,2701,131,5
1264,a2f6ba,1714207330,KPIE,1714208672,,AAY4900 ,595,56,0,0,238,0
1265,a3bded,1714206996,LFPN,1714209142,LFEI,N340GJ  ,227,102,10343,2921,86,1
1266,a47d69,1714142965,KSEA,1714208534,RJBD,HAL21   ,527,20,17343,5083,209,0
1267,a4c98f,1714181192,KJFK,1714206019,EGLL,JBU7    ,1513,194,1965,12532,283,6
1268,a5b533,1714206581,,1714207652,,N467SG  ,0,0,0,0,0,0
1269,a6452a,1714204329,NM31,1714205592,NM51,CSI503  ,4758,2895,18471,3321,2,1
1270,a695f9,1714184931,,1714207221,KPTV,VOI7740 ,0,0,10459,4543,0,1
1271,a69d67,1714208667,MMTJ,1714210139,,VOI3268 ,746,102,0,0,93,0
1272,a6b9c1,1714199420,KJFK,1714209353,,VOI1901 ,2072,171,0,0,282,0
1273,a86df1,1714209398,KLBB,1714211394,82NM,N642PC  ,1036,96,115450,2156,120,13
1274,a883bd,1714209569,TJSJ,1714210141,TJBQ,JBU1637 ,3346,568,20758,5406,21,1
1275,a8b8f0,1714205831,KPDX,1714207528,WA00,N661LF  ,799,203,15195,4319,265,1
1276,a9905a,1714186512,RJTT,1714208500,PANC,TWY715  ,2682,431,1788,45,20,166
1277,a9da1b,1714203056,KABQ,1714204668,NM56,N734CB  ,1223,135,35527,2414,51,16
1278,a9ddb0,1714174845,KMIA,1714204935,EGLL,AAL38   ,2968,279,2413,8585,124,8
1279,aa1a20,1714205270,CARK,1714208052,CARK,N750AY  ,2557,359,1863,6440,43,1
1280,aa3086,1714196878,KORD,1714205263,,NCR4281 ,796,244,0,0,521,0
1281,aa6e07,1714203419,KBDG,1714204687,39AZ,N771PD  ,32718,1594,16974,3297,51,2
1282,aa7f65,1714196149,KJFK,1714211722,,GLG7397 ,1270,102,0,0,283,0
1283,aa8fc1,1714209522,EGSS,1714211594,EGNJ,N78SD   ,327,290,1224,23798,109,3
1284,aaa58b,1714203892,KSFO,1714210615,OL05,UAL8171 ,519,102,8558,9643,162,18
1285,ab5046,1714206521,WMSA,1714207903,,N828TK  ,1339,269,0,0,24,0
1286,abb8c4,1714196891,KPHX,1714204344,KSFO,SWA5945 ,870,57,1289,7494,115,5
1287,ac119d,1714202786,KPDK,1714204915,03GA,LN877PA ,664,54,11944,3440,325,5
1288,ac7c52,1714201647,KDEN,1714206069,KEKO,SWA1266 ,2222,21,29369,10015,172,0
1289,ac8357,1714204868,KBIS,1714205520,06ND,N905SH  ,497,118,5660,2429,115,59
1290,acbe34,1714200655,KSEA,1714205184,CYYD,ASA223  ,870,10,27188,10450,208,0
1291,acf48c,1714167274,,1714206316,SUCN,AVA109  ,0,0,20870,3010,0,0
1292,ad5273,1714200112,MMMX,1714206048,MHAM,AVA187  ,654,2,11361,11265,14,1
1293,ae20b8,1714207890,RJOI,1714209877,RJDT,SUMO01  ,20781,2573,16703,4811,0,0
1294,c00d44,1714207316,CYWG,1714209670,CZGR,VN02    ,409,195,29750,6704,79,0
1295,c03bf2,1714194245,CYEG,1714210135,,WJA2220 ,5387,442,0,0,59,0
1296,c03bfb,1714200155,CYYC,1714210395,,WJA2244 ,2555,2,0,0,64,0
1297,c05857,1714189650,CYYZ,1714205249,MMJC,ACA7255 ,2273,89,16142,359,223,13
1298,c07eef,1714192887,CYEG,1714206915,CCS5,WJA392  ,6091,434,22016,8709,59,1
1299,c07fb9,1714195658,CYYC,1714210421,CCS4,WJA228  ,2703,5,23318,8857,64,0
1300,c81c9f,1714207847,NZCH,1714209428,NZLE,ANZ854L ,1323,45,26287,2816,16,1
1301,e03614,1714204889,SAEZ,1714206359,,ARG1512 ,806,116,0,0,27,0
1302,e0645a,1714206074,SABE,1714207252,,ARG1468 ,1045,108,0,0,26,0
1303,e064cb,1714205155,SABE,1714206625,,ARG1230 ,355,32,0,0,26,0
1304,e07191,1714209580,SABE,1714211443,SAAC,ARG1772 ,409,32,9822,11243,26,1
1305,e072d5,1714205794,SAEZ,1714207383,,ARG1664 ,557,116,0,0,27,0
1306,e082d6,1714208407,SABE,1714210280,,ARG1280 ,1371,200,0,0,26,0
1307,e082d7,1714207428,SABE,1714208639,,ARG1488 ,385,24,0,0,26,0
1308,e0958e,1714208833,SAEZ,1714211074,,JES3140 ,734,124,0,0,27,0
1309,e0958f,1714204867,SABE,1714206612,,JES3734 ,506,40,0,0,26,0
1310,e0b059,1714208702,SAEZ,1714209603,SAEL,FBZ5042 ,705,78,27542,9056,27,0
1311,e0b110,1714207734,SABE,1714209803,SAZI,JES3161 ,314,32,19881,10878,26,0
1312,e0b111,1714204761,SAEZ,1714205978,,FBZ5160 ,1571,116,0,0,27,0
1313,e0b14a,1714209132,SABE,1714210970,SAZI,ARG1638 ,378,24,20889,11488,26,0
1314,e0b198,1714205327,SAEZ,1714206838,SAZA,JES3211 ,786,116,25314,10827,27,0
1315,e0b2c4,1714203917,SABE,1714205174,,ARG1822 ,464,32,0,0,26,0
1316,e0b2c5,1714206939,SAEZ,1714208076,,ARG1838 ,468,109,0,0,27,0
1317,e48006,1714208234,,1714209357,SDFH,GLO9634 ,0,0,15742,10266,0,1
1318,e48007,1714204544,,1714207516,,GLO9618 ,0,0,0,0,0,0
1319,e480db,1714207650,SBBP,1714210845,,GLO9632 ,48914,1977,0,0,17,0
1320,e48106,1714210010,,1714211250,SSEF,GLO1492 ,0,0,3222,9560,0,1
1321,e4833a,1714208708,SBRJ,1714209324,SBJF,GLO1703 ,74300,1162,24331,8141,37,0
1322,e48394,1714209125,SBKP,1714210117,SSEF,GLO1737 ,4542,382,10584,10216,132,1
1323,e4894e,1714210135,SBSP,1714210892,SDUB,TAM3900 ,3887,379,29134,7638,81,0
1324,e48ad5,1714210523,SBSP,1714211439,SDBV,TAM3150 ,4093,348,24107,9151,81,0
1325,e48b00,1714209759,SBSP,1714210870,,GLO1514 ,4444,470,0,0,82,0
1326,e48ce6,1714209339,SBSP,1714210498,,TAM3772 ,3405,371,0,0,81,0
1327,e48eb9,1714206082,SBKP,1714207761,,AZU2096 ,822,28,0,0,138,0
1328,e48fb4,1714210370,SBSP,1714210937,,GLO1002 ,5123,569,0,0,82,0
1329,e48fc1,1714206907,SBGR,1714207849,,TAM3282 ,16270,1833,0,0,55,0
1330,e490b1,1714207020,SBGL,1714207543,,AZU4505 ,2593,21,0,0,42,0
1331,e4919e,1714209401,SBRJ,1714209573,SBRJ,GLO1003 ,8855,1177,12988,3501,37,6
1332,e491a1,1714210813,SBGL,1714211728,SNNE,TAM3678 ,2538,121,8850,7011,42,3
1333,e491c3,1714210307,SBSP,1714211918,SDJN,GLO1402 ,4379,424,4904,11651,82,6
1334,e491d1,1714209642,SBKP,1714211211,SDKK,PPBER   ,3728,344,541,5755,133,4
1335,e4936a,1714209995,SBGR,1714210741,,AZU4618 ,12796,1262,0,0,67,0
1336,e49388,1714205337,SBGL,1714208719,,AZU4823 ,2487,90,0,0,42,0
1337,e4950a,1714206683,SNEJ,1714208313,SDBB,AZU2826 ,50466,1729,17903,10990,0,4
1338,e4962d,1714203609,SBGL,1714207983,SSLA,AZU4249 ,2607,181,27530,11576,42,0
1339,e4962e,1714205416,SBGR,1714208098,SNGH,AZU4232 ,22458,1848,28806,9870,61,0
1340,e497e3,1714204269,,1714204728,LEBB,PSCSE   ,0,0,22287,2937,0,4
1341,e49830,1714209841,SBKP,1714210921,SNFQ,AZU4079 ,681,21,15186,8328,139,0
1342,e4999d,1714209667,,1714211088,,TAM3433 ,0,0,0,0,0,0
1343,e49a2e,1714203729,,1714205602,SDBV,AZU2638 ,0,0,17866,11574,0,0
1344,e49a87,1714209104,SBGR,1714209925,SNFQ,AZU4522 ,20896,1582,14492,8198,70,0
1345,e49a8b,1714208528,,1714210025,SNVI,AZU2967 ,0,0,7327,10902,0,1
1346,e49b14,1714210726,SBSP,1714211469,SDIH,ACN5121 ,4117,325,10866,1991,81,58
1347,e8020c,1714195493,SPJC,1714209249,SUCN,LPE2460 ,313,19,16425,2896,11,0
1348,e80269,1714194269,SPJC,1714206368,,LPE2422 ,548,3,0,0,11,0
1349,e8041e,1714199217,SPJC,1714210012,SATC,LA1321  ,448,3,22008,2611,11,0
1350,e80422,1714207606,KMIA,1714208809,,LAE1513 ,755,279,0,0,124,0
1351,e8042b,1714200703,,1714204248,,LAN1134 ,0,0,0,0,0,0
1352,e8043b,1714139858,MMMX,1714206024,,LAN572  ,134,111,0,0,16,0
